Dates,RF Actual Level (mm),Last 10 Year Average (m bgl),Last Year  (m bgl),Current Level (m bgl)
"01-Jan-2014",0,NaN,"-","-"
"02-Jan-2014",0,NaN,"-","-"
"03-Jan-2014",0,NaN,"-","-"
"04-Jan-2014",0,6.57,7.46652107197667,7.248278842131384
"05-Jan-2014",0,NaN,"-","-"
"06-Jan-2014",0,NaN,"-","-"
"07-Jan-2014",0,NaN,"-","-"
"08-Jan-2014",0,NaN,"-","-"
"09-Jan-2014",0,NaN,"-","-"
"10-Jan-2014",0,NaN,"-","-"
"11-Jan-2014",0,NaN,"-","-"
"12-Jan-2014",0,NaN,"-","-"
"13-Jan-2014",0,NaN,"-","-"
"14-Jan-2014",0,NaN,"-","-"
"15-Jan-2014",0,NaN,"-","-"
"16-Jan-2014",0,NaN,"-","-"
"17-Jan-2014",0,NaN,"-","-"
"18-Jan-2014",0,NaN,"-","-"
"19-Jan-2014",0,NaN,"-","-"
"20-Jan-2014",0,NaN,"-","-"
"21-Jan-2014",0,NaN,"-","-"
"22-Jan-2014",0,NaN,"-","-"
"23-Jan-2014",0,NaN,"-","-"
"24-Jan-2014",0,NaN,"-","-"
"25-Jan-2014",0,NaN,"-","-"
"26-Jan-2014",0,NaN,"-","-"
"27-Jan-2014",0,NaN,"-","-"
"28-Jan-2014",0,NaN,"-","-"
"29-Jan-2014",0,NaN,"-","-"
"30-Jan-2014",0,NaN,"-","-"
"31-Jan-2014",0,NaN,"-","-"
"01-Feb-2014",0,NaN,"-","-"
"02-Feb-2014",0,NaN,"-","-"
"03-Feb-2014",0,NaN,"-","-"
"04-Feb-2014",0,NaN,"-","-"
"05-Feb-2014",0,NaN,"-","-"
"06-Feb-2014",0,NaN,"-","-"
"07-Feb-2014",0,NaN,"-","-"
"08-Feb-2014",0,NaN,"-","-"
"09-Feb-2014",0,NaN,"-","-"
"10-Feb-2014",0,NaN,"-","-"
"11-Feb-2014",0,NaN,"-","-"
"12-Feb-2014",0,NaN,"-","-"
"13-Feb-2014",0,NaN,"-","-"
"14-Feb-2014",0,NaN,"-","-"
"15-Feb-2014",0.02,NaN,"-","-"
"16-Feb-2014",0,NaN,"-","-"
"17-Feb-2014",0,NaN,"-","-"
"18-Feb-2014",0,NaN,"-","-"
"19-Feb-2014",0,NaN,"-","-"
"20-Feb-2014",0,NaN,"-","-"
"21-Feb-2014",0,NaN,"-","-"
"22-Feb-2014",1.35,NaN,"-","-"
"23-Feb-2014",0,NaN,"-","-"
"24-Feb-2014",0,NaN,"-","-"
"25-Feb-2014",0,NaN,"-","-"
"26-Feb-2014",0.79,NaN,"-","-"
"27-Feb-2014",0,NaN,"-","-"
"28-Feb-2014",0,NaN,"-","-"
"01-Mar-2014",0.06,NaN,"-","-"
"02-Mar-2014",10.21,NaN,"-","-"
"03-Mar-2014",0.6,NaN,"-","-"
"04-Mar-2014",1.31,NaN,"-","-"
"05-Mar-2014",0.48,NaN,"-","-"
"06-Mar-2014",0.86,NaN,"-","-"
"07-Mar-2014",2.61,NaN,"-","-"
"08-Mar-2014",8.6,NaN,"-","-"
"09-Mar-2014",0.04,NaN,"-","-"
"10-Mar-2014",0.42,NaN,"-","-"
"11-Mar-2014",0,NaN,"-","-"
"12-Mar-2014",0,NaN,"-","-"
"13-Mar-2014",0,NaN,"-","-"
"14-Mar-2014",0,NaN,"-","-"
"15-Mar-2014",0,NaN,"-","-"
"16-Mar-2014",0,NaN,"-","-"
"17-Mar-2014",0,NaN,"-","-"
"18-Mar-2014",0,NaN,"-","-"
"19-Mar-2014",0,NaN,"-","-"
"20-Mar-2014",0,NaN,"-","-"
"21-Mar-2014",0,NaN,"-","-"
"22-Mar-2014",0,NaN,"-","-"
"23-Mar-2014",0,NaN,"-","-"
"24-Mar-2014",0,NaN,"-","-"
"25-Mar-2014",0,NaN,"-","-"
"26-Mar-2014",0,NaN,"-","-"
"27-Mar-2014",0,NaN,"-","-"
"28-Mar-2014",0,NaN,"-","-"
"29-Mar-2014",0,NaN,"-","-"
"30-Mar-2014",0,NaN,"-","-"
"31-Mar-2014",0,NaN,"-","-"
"01-Apr-2014",0,NaN,"-","-"
"02-Apr-2014",0.03,NaN,"-","-"
"03-Apr-2014",0.82,NaN,"-","-"
"04-Apr-2014",0,NaN,"-","-"
"05-Apr-2014",0,NaN,"-","-"
"06-Apr-2014",0,NaN,"-","-"
"07-Apr-2014",0,NaN,"-","-"
"08-Apr-2014",0,NaN,"-","-"
"09-Apr-2014",3.01,NaN,"-","-"
"10-Apr-2014",0.75,NaN,"-","-"
"11-Apr-2014",3.35,NaN,"-","-"
"12-Apr-2014",4.51,NaN,"-","-"
"13-Apr-2014",4.24,NaN,"-","-"
"14-Apr-2014",0.96,NaN,"-","-"
"15-Apr-2014",2.22,NaN,"-","-"
"16-Apr-2014",3.03,NaN,"-","-"
"17-Apr-2014",0.01,NaN,"-","-"
"18-Apr-2014",1.26,NaN,"-","-"
"19-Apr-2014",6.31,NaN,"-","-"
"20-Apr-2014",3.47,NaN,"-","-"
"21-Apr-2014",0,NaN,"-","-"
"22-Apr-2014",0,NaN,"-","-"
"23-Apr-2014",0,NaN,"-","-"
"24-Apr-2014",0,NaN,"-","-"
"25-Apr-2014",0,NaN,"-","-"
"26-Apr-2014",0.16,NaN,"-","-"
"27-Apr-2014",0.98,NaN,"-","-"
"28-Apr-2014",1.58,NaN,"-","-"
"29-Apr-2014",0,NaN,"-","-"
"30-Apr-2014",0.02,NaN,"-","-"
"01-May-2014",0.05,NaN,"-","-"
"02-May-2014",4.62,NaN,"-","-"
"03-May-2014",3.29,NaN,"-","-"
"04-May-2014",3.7,NaN,"-","-"
"05-May-2014",2.2,NaN,"-","-"
"06-May-2014",0.76,NaN,"-","-"
"07-May-2014",3.8,NaN,"-","-"
"08-May-2014",4.05,NaN,"-","-"
"09-May-2014",25.52,NaN,"-","-"
"10-May-2014",0.05,NaN,"-","-"
"11-May-2014",0.43,NaN,"-","-"
"12-May-2014",0,NaN,"-","-"
"13-May-2014",0.22,NaN,"-","-"
"14-May-2014",0.36,7.41,9.61401169192848,7.633032122215142
"15-May-2014",0,NaN,"-","-"
"16-May-2014",0,NaN,"-","-"
"17-May-2014",0,NaN,"-","-"
"18-May-2014",10.45,NaN,"-","-"
"19-May-2014",1.88,NaN,"-","-"
"20-May-2014",0.84,NaN,"-","-"
"21-May-2014",5.86,NaN,"-","-"
"22-May-2014",0.69,NaN,"-","-"
"23-May-2014",2.21,NaN,"-","-"
"24-May-2014",0.06,NaN,"-","-"
"25-May-2014",0.39,NaN,"-","-"
"26-May-2014",0,NaN,"-","-"
"27-May-2014",0.18,NaN,"-","-"
"28-May-2014",16.2,NaN,"-","-"
"29-May-2014",7.85,NaN,"-","-"
"30-May-2014",6.22,NaN,"-","-"
"31-May-2014",7.29,NaN,"-","-"
"01-Jun-2014",9.92,NaN,"-","-"
"02-Jun-2014",0.13,NaN,"-","-"
"03-Jun-2014",44.17,NaN,"-","-"
"04-Jun-2014",0,NaN,"-","-"
"05-Jun-2014",3.92,NaN,"-","-"
"06-Jun-2014",6.08,NaN,"-","-"
"07-Jun-2014",0.09,NaN,"-","-"
"08-Jun-2014",0,NaN,"-","-"
"09-Jun-2014",0,NaN,"-","-"
"10-Jun-2014",0,NaN,"-","-"
"11-Jun-2014",0.39,NaN,"-","-"
"12-Jun-2014",0.85,NaN,"-","-"
"13-Jun-2014",0.43,NaN,"-","-"
"14-Jun-2014",1.21,NaN,"-","-"
"15-Jun-2014",0.25,NaN,"-","-"
"16-Jun-2014",0,NaN,"-","-"
"17-Jun-2014",1.85,NaN,"-","-"
"18-Jun-2014",0.28,NaN,"-","-"
"19-Jun-2014",3.28,NaN,"-","-"
"20-Jun-2014",1.66,NaN,"-","-"
"21-Jun-2014",2.84,NaN,"-","-"
"22-Jun-2014",2.5,NaN,"-","-"
"23-Jun-2014",0.85,NaN,"-","-"
"24-Jun-2014",0.53,NaN,"-","-"
"25-Jun-2014",0,NaN,"-","-"
"26-Jun-2014",0.16,NaN,"-","-"
"27-Jun-2014",0,NaN,"-","-"
"28-Jun-2014",1.95,NaN,"-","-"
"29-Jun-2014",1.05,NaN,"-","-"
"30-Jun-2014",2.59,NaN,"-","-"
"01-Jul-2014",12.98,NaN,"-","-"
"02-Jul-2014",7.75,NaN,"-","-"
"03-Jul-2014",0.62,NaN,"-","-"
"04-Jul-2014",0.06,NaN,"-","-"
"05-Jul-2014",4.95,NaN,"-","-"
"06-Jul-2014",8.77,NaN,"-","-"
"07-Jul-2014",5.57,NaN,"-","-"
"08-Jul-2014",2.87,NaN,"-","-"
"09-Jul-2014",1.45,NaN,"-","-"
"10-Jul-2014",2.53,NaN,"-","-"
"11-Jul-2014",2.8,NaN,"-","-"
"12-Jul-2014",2.23,NaN,"-","-"
"13-Jul-2014",5.03,NaN,"-","-"
"14-Jul-2014",12.22,NaN,"-","-"
"15-Jul-2014",2.04,NaN,"-","-"
"16-Jul-2014",3.48,NaN,"-","-"
"17-Jul-2014",1.85,NaN,"-","-"
"18-Jul-2014",0.99,NaN,"-","-"
"19-Jul-2014",5.26,NaN,"-","-"
"20-Jul-2014",5.71,NaN,"-","-"
"21-Jul-2014",4.28,NaN,"-","-"
"22-Jul-2014",7.15,NaN,"-","-"
"23-Jul-2014",7.99,NaN,"-","-"
"24-Jul-2014",5.87,NaN,"-","-"
"25-Jul-2014",3.7,NaN,"-","-"
"26-Jul-2014",7.95,NaN,"-","-"
"27-Jul-2014",3.22,NaN,"-","-"
"28-Jul-2014",2.63,NaN,"-","-"
"29-Jul-2014",3.79,NaN,"-","-"
"30-Jul-2014",0.59,NaN,"-","-"
"31-Jul-2014",10.27,NaN,"-","-"
"01-Aug-2014",10.37,NaN,"-","-"
"02-Aug-2014",6.78,NaN,"-","-"
"03-Aug-2014",3.36,NaN,"-","-"
"04-Aug-2014",6.31,NaN,"-","-"
"05-Aug-2014",5.75,NaN,"-","-"
"06-Aug-2014",7.35,NaN,"-","-"
"07-Aug-2014",7.01,NaN,"-","-"
"08-Aug-2014",1.32,NaN,"-","-"
"09-Aug-2014",3.92,NaN,"-","-"
"10-Aug-2014",1.3,NaN,"-","-"
"11-Aug-2014",1.23,NaN,"-","-"
"12-Aug-2014",6.25,NaN,"-","-"
"13-Aug-2014",2.24,NaN,"-","-"
"14-Aug-2014",1.46,NaN,"-","-"
"15-Aug-2014",8.06,NaN,"-","-"
"16-Aug-2014",1.33,NaN,"-","-"
"17-Aug-2014",0.03,NaN,"-","-"
"18-Aug-2014",4.02,NaN,"-","-"
"19-Aug-2014",14.7,NaN,"-","-"
"20-Aug-2014",4.58,NaN,"-","-"
"21-Aug-2014",13.29,NaN,"-","-"
"22-Aug-2014",5.99,NaN,"-","-"
"23-Aug-2014",20.56,NaN,"-","-"
"24-Aug-2014",1.76,6.87,8.175269603891758,6.8995337168138615
"25-Aug-2014",1.55,NaN,"-","-"
"26-Aug-2014",1.15,NaN,"-","-"
"27-Aug-2014",1.85,NaN,"-","-"
"28-Aug-2014",2.47,NaN,"-","-"
"29-Aug-2014",2.59,NaN,"-","-"
"30-Aug-2014",2.54,NaN,"-","-"
"31-Aug-2014",3.33,NaN,"-","-"
"01-Sep-2014",2.89,NaN,"-","-"
"02-Sep-2014",1.04,NaN,"-","-"
"03-Sep-2014",0.28,NaN,"-","-"
"04-Sep-2014",1.77,NaN,"-","-"
"05-Sep-2014",0.53,NaN,"-","-"
"06-Sep-2014",1.94,NaN,"-","-"
"07-Sep-2014",4.08,NaN,"-","-"
"08-Sep-2014",0.45,NaN,"-","-"
"09-Sep-2014",0.71,NaN,"-","-"
"10-Sep-2014",0.15,NaN,"-","-"
"11-Sep-2014",0.83,NaN,"-","-"
"12-Sep-2014",0.68,NaN,"-","-"
"13-Sep-2014",0.63,NaN,"-","-"
"14-Sep-2014",0.7,NaN,"-","-"
"15-Sep-2014",1.03,NaN,"-","-"
"16-Sep-2014",3.86,NaN,"-","-"
"17-Sep-2014",0.63,NaN,"-","-"
"18-Sep-2014",0.29,NaN,"-","-"
"19-Sep-2014",0.17,NaN,"-","-"
"20-Sep-2014",6.2,NaN,"-","-"
"21-Sep-2014",3.66,NaN,"-","-"
"22-Sep-2014",0,NaN,"-","-"
"23-Sep-2014",18.47,NaN,"-","-"
"24-Sep-2014",21.65,NaN,"-","-"
"25-Sep-2014",25.94,NaN,"-","-"
"26-Sep-2014",35.31,NaN,"-","-"
"27-Sep-2014",9.98,NaN,"-","-"
"28-Sep-2014",0.99,NaN,"-","-"
"29-Sep-2014",35.6,NaN,"-","-"
"30-Sep-2014",1.64,NaN,"-","-"
"01-Oct-2014",1.99,NaN,"-","-"
"02-Oct-2014",0,NaN,"-","-"
"03-Oct-2014",0,NaN,"-","-"
"04-Oct-2014",0,NaN,"-","-"
"05-Oct-2014",1.41,NaN,"-","-"
"06-Oct-2014",18.94,NaN,"-","-"
"07-Oct-2014",5.66,NaN,"-","-"
"08-Oct-2014",26.14,NaN,"-","-"
"09-Oct-2014",10.55,NaN,"-","-"
"10-Oct-2014",1.92,NaN,"-","-"
"11-Oct-2014",6.55,NaN,"-","-"
"12-Oct-2014",1.11,NaN,"-","-"
"13-Oct-2014",10.6,NaN,"-","-"
"14-Oct-2014",0,NaN,"-","-"
"15-Oct-2014",0,NaN,"-","-"
"16-Oct-2014",0.39,NaN,"-","-"
"17-Oct-2014",0.08,NaN,"-","-"
"18-Oct-2014",10,NaN,"-","-"
"19-Oct-2014",7.59,NaN,"-","-"
"20-Oct-2014",7.51,NaN,"-","-"
"21-Oct-2014",3.43,NaN,"-","-"
"22-Oct-2014",3.67,NaN,"-","-"
"23-Oct-2014",6.16,NaN,"-","-"
"24-Oct-2014",7.56,NaN,"-","-"
"25-Oct-2014",5.41,NaN,"-","-"
"26-Oct-2014",14.55,NaN,"-","-"
"27-Oct-2014",16.89,NaN,"-","-"
"28-Oct-2014",12.55,NaN,"-","-"
"29-Oct-2014",1.85,NaN,"-","-"
"30-Oct-2014",0,NaN,"-","-"
"31-Oct-2014",0,NaN,"-","-"
"01-Nov-2014",0,NaN,"-","-"
"02-Nov-2014",0.55,NaN,"-","-"
"03-Nov-2014",0.05,NaN,"-","-"
"04-Nov-2014",0,5.26,6.8323750752852215,5.301393393138548
"05-Nov-2014",0,NaN,"-","-"
"06-Nov-2014",0,NaN,"-","-"
"07-Nov-2014",0,NaN,"-","-"
"08-Nov-2014",0,NaN,"-","-"
"09-Nov-2014",0,NaN,"-","-"
"10-Nov-2014",0,NaN,"-","-"
"11-Nov-2014",1.44,NaN,"-","-"
"12-Nov-2014",0.01,NaN,"-","-"
"13-Nov-2014",0.69,NaN,"-","-"
"14-Nov-2014",4.97,NaN,"-","-"
"15-Nov-2014",4.71,NaN,"-","-"
"16-Nov-2014",0.39,NaN,"-","-"
"17-Nov-2014",0.17,NaN,"-","-"
"18-Nov-2014",0,NaN,"-","-"
"19-Nov-2014",0,NaN,"-","-"
"20-Nov-2014",0,NaN,"-","-"
"21-Nov-2014",0,NaN,"-","-"
"22-Nov-2014",0,NaN,"-","-"
"23-Nov-2014",0,NaN,"-","-"
"24-Nov-2014",0,NaN,"-","-"
"25-Nov-2014",0,NaN,"-","-"
"26-Nov-2014",0,NaN,"-","-"
"27-Nov-2014",0,NaN,"-","-"
"28-Nov-2014",0,NaN,"-","-"
"29-Nov-2014",0,NaN,"-","-"
"30-Nov-2014",0,NaN,"-","-"
"01-Dec-2014",0,NaN,"-","-"
"02-Dec-2014",0,NaN,"-","-"
"03-Dec-2014",0,NaN,"-","-"
"04-Dec-2014",0,NaN,"-","-"
"05-Dec-2014",0,NaN,"-","-"
"06-Dec-2014",0,NaN,"-","-"
"07-Dec-2014",0,NaN,"-","-"
"08-Dec-2014",0.16,NaN,"-","-"
"09-Dec-2014",0,NaN,"-","-"
"10-Dec-2014",0,NaN,"-","-"
"11-Dec-2014",15.16,NaN,"-","-"
"12-Dec-2014",0.17,NaN,"-","-"
"13-Dec-2014",1.39,NaN,"-","-"
"14-Dec-2014",0.51,NaN,"-","-"
"15-Dec-2014",1.38,NaN,"-","-"
"16-Dec-2014",0.03,NaN,"-","-"
"17-Dec-2014",0,NaN,"-","-"
"18-Dec-2014",0,NaN,"-","-"
"19-Dec-2014",0,NaN,"-","-"
"20-Dec-2014",0.18,NaN,"-","-"
"21-Dec-2014",0,NaN,"-","-"
"22-Dec-2014",0,NaN,"-","-"
"23-Dec-2014",0,NaN,"-","-"
"24-Dec-2014",0,NaN,"-","-"
"25-Dec-2014",0,NaN,"-","-"
"26-Dec-2014",0,NaN,"-","-"
"27-Dec-2014",0,NaN,"-","-"
"28-Dec-2014",0,NaN,"-","-"
"29-Dec-2014",0,NaN,"-","-"
"30-Dec-2014",0,NaN,"-","-"
"31-Dec-2014",0,NaN,"-","-"
"01-Jan-2015",0.83,NaN,"-","-"
"02-Jan-2015",0,NaN,"-","-"
"03-Jan-2015",0.82,NaN,"-","-"
"04-Jan-2015",0,6.4,7.248278842131384,5.41140400343349
"05-Jan-2015",0,NaN,"-","-"
"06-Jan-2015",0,NaN,"-","-"
"07-Jan-2015",0,NaN,"-","-"
"08-Jan-2015",0,NaN,"-","-"
"09-Jan-2015",0,NaN,"-","-"
"10-Jan-2015",0,NaN,"-","-"
"11-Jan-2015",0,NaN,"-","-"
"12-Jan-2015",0,NaN,"-","-"
"13-Jan-2015",0,NaN,"-","-"
"14-Jan-2015",0,NaN,"-","-"
"15-Jan-2015",0,NaN,"-","-"
"16-Jan-2015",0,NaN,"-","-"
"17-Jan-2015",0,NaN,"-","-"
"18-Jan-2015",0,NaN,"-","-"
"19-Jan-2015",0,NaN,"-","-"
"20-Jan-2015",0,NaN,"-","-"
"21-Jan-2015",0,NaN,"-","-"
"22-Jan-2015",0,NaN,"-","-"
"23-Jan-2015",0,NaN,"-","-"
"24-Jan-2015",0,NaN,"-","-"
"25-Jan-2015",0,NaN,"-","-"
"26-Jan-2015",0,NaN,"-","-"
"27-Jan-2015",0,NaN,"-","-"
"28-Jan-2015",0,NaN,"-","-"
"29-Jan-2015",0,NaN,"-","-"
"30-Jan-2015",0,NaN,"-","-"
"31-Jan-2015",0,NaN,"-","-"
"01-Feb-2015",0,NaN,"-","-"
"02-Feb-2015",0,NaN,"-","-"
"03-Feb-2015",0,NaN,"-","-"
"04-Feb-2015",0,NaN,"-","-"
"05-Feb-2015",0,NaN,"-","-"
"06-Feb-2015",0,NaN,"-","-"
"07-Feb-2015",0,NaN,"-","-"
"08-Feb-2015",0,NaN,"-","-"
"09-Feb-2015",0,NaN,"-","-"
"10-Feb-2015",0,NaN,"-","-"
"11-Feb-2015",0,NaN,"-","-"
"12-Feb-2015",0,NaN,"-","-"
"13-Feb-2015",0,NaN,"-","-"
"14-Feb-2015",0,NaN,"-","-"
"15-Feb-2015",0,NaN,"-","-"
"16-Feb-2015",0,NaN,"-","-"
"17-Feb-2015",0,NaN,"-","-"
"18-Feb-2015",0,NaN,"-","-"
"19-Feb-2015",0,NaN,"-","-"
"20-Feb-2015",0,NaN,"-","-"
"21-Feb-2015",0,NaN,"-","-"
"22-Feb-2015",0,NaN,"-","-"
"23-Feb-2015",0,NaN,"-","-"
"24-Feb-2015",0,NaN,"-","-"
"25-Feb-2015",0,NaN,"-","-"
"26-Feb-2015",0,NaN,"-","-"
"27-Feb-2015",0,NaN,"-","-"
"28-Feb-2015",0,NaN,"-","-"
"01-Mar-2015",1.04,NaN,"-","-"
"02-Mar-2015",0.07,NaN,"-","-"
"03-Mar-2015",0.01,NaN,"-","-"
"04-Mar-2015",3.93,NaN,"-","-"
"05-Mar-2015",0.36,NaN,"-","-"
"06-Mar-2015",0,NaN,"-","-"
"07-Mar-2015",8.01,NaN,"-","-"
"08-Mar-2015",0.32,NaN,"-","-"
"09-Mar-2015",4.8,NaN,"-","-"
"10-Mar-2015",0,NaN,"-","-"
"11-Mar-2015",0,NaN,"-","-"
"12-Mar-2015",0,NaN,"-","-"
"13-Mar-2015",0,NaN,"-","-"
"14-Mar-2015",0,NaN,"-","-"
"15-Mar-2015",0,NaN,"-","-"
"16-Mar-2015",1.21,NaN,"-","-"
"17-Mar-2015",0,NaN,"-","-"
"18-Mar-2015",0,NaN,"-","-"
"19-Mar-2015",0,NaN,"-","-"
"20-Mar-2015",0,NaN,"-","-"
"21-Mar-2015",0,NaN,"-","-"
"22-Mar-2015",0,NaN,"-","-"
"23-Mar-2015",0,NaN,"-","-"
"24-Mar-2015",0,NaN,"-","-"
"25-Mar-2015",0,NaN,"-","-"
"26-Mar-2015",0,NaN,"-","-"
"27-Mar-2015",0,NaN,"-","-"
"28-Mar-2015",0,NaN,"-","-"
"29-Mar-2015",0,NaN,"-","-"
"30-Mar-2015",0,NaN,"-","-"
"31-Mar-2015",1.37,NaN,"-","-"
"01-Apr-2015",4.73,NaN,"-","-"
"02-Apr-2015",1.85,NaN,"-","-"
"03-Apr-2015",0.01,NaN,"-","-"
"04-Apr-2015",0.17,NaN,"-","-"
"05-Apr-2015",0.04,NaN,"-","-"
"06-Apr-2015",1.98,NaN,"-","-"
"07-Apr-2015",0,NaN,"-","-"
"08-Apr-2015",1.74,NaN,"-","-"
"09-Apr-2015",0,NaN,"-","-"
"10-Apr-2015",0.29,NaN,"-","-"
"11-Apr-2015",0.01,NaN,"-","-"
"12-Apr-2015",1.45,NaN,"-","-"
"13-Apr-2015",6.71,NaN,"-","-"
"14-Apr-2015",5.66,NaN,"-","-"
"15-Apr-2015",2.63,NaN,"-","-"
"16-Apr-2015",1.24,NaN,"-","-"
"17-Apr-2015",7.75,NaN,"-","-"
"18-Apr-2015",0.06,NaN,"-","-"
"19-Apr-2015",0,NaN,"-","-"
"20-Apr-2015",0,NaN,"-","-"
"21-Apr-2015",0,NaN,"-","-"
"22-Apr-2015",1.94,NaN,"-","-"
"23-Apr-2015",0.51,NaN,"-","-"
"24-Apr-2015",8.33,NaN,"-","-"
"25-Apr-2015",4.22,NaN,"-","-"
"26-Apr-2015",4.74,NaN,"-","-"
"27-Apr-2015",2.82,NaN,"-","-"
"28-Apr-2015",0,NaN,"-","-"
"29-Apr-2015",0.52,NaN,"-","-"
"30-Apr-2015",6.35,NaN,"-","-"
"01-May-2015",9.32,NaN,"-","-"
"02-May-2015",3.56,NaN,"-","-"
"03-May-2015",7.47,NaN,"-","-"
"04-May-2015",0.08,NaN,"-","-"
"05-May-2015",2.7,NaN,"-","-"
"06-May-2015",0,NaN,"-","-"
"07-May-2015",2.57,NaN,"-","-"
"08-May-2015",1.79,NaN,"-","-"
"09-May-2015",3.43,NaN,"-","-"
"10-May-2015",0.98,NaN,"-","-"
"11-May-2015",1.99,NaN,"-","-"
"12-May-2015",1.87,NaN,"-","-"
"13-May-2015",19,NaN,"-","-"
"14-May-2015",8.57,7.2,7.633032122215142,5.584059741403543
"15-May-2015",3.24,NaN,"-","-"
"16-May-2015",6.32,NaN,"-","-"
"17-May-2015",6.04,NaN,"-","-"
"18-May-2015",22.9,NaN,"-","-"
"19-May-2015",8.12,NaN,"-","-"
"20-May-2015",17.49,NaN,"-","-"
"21-May-2015",0.04,NaN,"-","-"
"22-May-2015",0,NaN,"-","-"
"23-May-2015",0,NaN,"-","-"
"24-May-2015",0.03,NaN,"-","-"
"25-May-2015",0.05,NaN,"-","-"
"26-May-2015",0,NaN,"-","-"
"27-May-2015",0,NaN,"-","-"
"28-May-2015",14.99,NaN,"-","-"
"29-May-2015",0.24,NaN,"-","-"
"30-May-2015",11.48,NaN,"-","-"
"31-May-2015",0.06,NaN,"-","-"
"01-Jun-2015",8.78,NaN,"-","-"
"02-Jun-2015",11.55,NaN,"-","-"
"03-Jun-2015",0.79,NaN,"-","-"
"04-Jun-2015",7.76,NaN,"-","-"
"05-Jun-2015",9,NaN,"-","-"
"06-Jun-2015",0.12,NaN,"-","-"
"07-Jun-2015",0,NaN,"-","-"
"08-Jun-2015",0.9,NaN,"-","-"
"09-Jun-2015",0.59,NaN,"-","-"
"10-Jun-2015",3.79,NaN,"-","-"
"11-Jun-2015",1.34,NaN,"-","-"
"12-Jun-2015",0.46,NaN,"-","-"
"13-Jun-2015",0.59,NaN,"-","-"
"14-Jun-2015",2.89,NaN,"-","-"
"15-Jun-2015",1.15,NaN,"-","-"
"16-Jun-2015",0.3,NaN,"-","-"
"17-Jun-2015",1.13,NaN,"-","-"
"18-Jun-2015",3.65,NaN,"-","-"
"19-Jun-2015",1.6,NaN,"-","-"
"20-Jun-2015",5.79,NaN,"-","-"
"21-Jun-2015",5.93,NaN,"-","-"
"22-Jun-2015",3.82,NaN,"-","-"
"23-Jun-2015",3.79,NaN,"-","-"
"24-Jun-2015",4.54,NaN,"-","-"
"25-Jun-2015",7.32,NaN,"-","-"
"26-Jun-2015",15.46,NaN,"-","-"
"27-Jun-2015",2.02,NaN,"-","-"
"28-Jun-2015",1.96,NaN,"-","-"
"29-Jun-2015",1.78,NaN,"-","-"
"30-Jun-2015",6.86,NaN,"-","-"
"01-Jul-2015",0.22,NaN,"-","-"
"02-Jul-2015",1.1,NaN,"-","-"
"03-Jul-2015",0.86,NaN,"-","-"
"04-Jul-2015",0.09,NaN,"-","-"
"05-Jul-2015",0.25,NaN,"-","-"
"06-Jul-2015",0,NaN,"-","-"
"07-Jul-2015",0.09,NaN,"-","-"
"08-Jul-2015",3.2,NaN,"-","-"
"09-Jul-2015",2.88,NaN,"-","-"
"10-Jul-2015",2.06,NaN,"-","-"
"11-Jul-2015",2.19,NaN,"-","-"
"12-Jul-2015",1.73,NaN,"-","-"
"13-Jul-2015",0.36,NaN,"-","-"
"14-Jul-2015",0.29,NaN,"-","-"
"15-Jul-2015",0.18,NaN,"-","-"
"16-Jul-2015",0.83,NaN,"-","-"
"17-Jul-2015",1.91,NaN,"-","-"
"18-Jul-2015",7.52,NaN,"-","-"
"19-Jul-2015",5.88,NaN,"-","-"
"20-Jul-2015",9.97,NaN,"-","-"
"21-Jul-2015",1.69,NaN,"-","-"
"22-Jul-2015",1.01,NaN,"-","-"
"23-Jul-2015",5.78,NaN,"-","-"
"24-Jul-2015",1.35,NaN,"-","-"
"25-Jul-2015",0.15,NaN,"-","-"
"26-Jul-2015",1.62,NaN,"-","-"
"27-Jul-2015",1.18,NaN,"-","-"
"28-Jul-2015",0.53,NaN,"-","-"
"29-Jul-2015",0.65,NaN,"-","-"
"30-Jul-2015",0.17,NaN,"-","-"
"31-Jul-2015",0.76,NaN,"-","-"
"01-Aug-2015",1.81,NaN,"-","-"
"02-Aug-2015",8.08,NaN,"-","-"
"03-Aug-2015",2.7,NaN,"-","-"
"04-Aug-2015",3.82,NaN,"-","-"
"05-Aug-2015",1.89,NaN,"-","-"
"06-Aug-2015",2.84,NaN,"-","-"
"07-Aug-2015",1.51,NaN,"-","-"
"08-Aug-2015",1.24,NaN,"-","-"
"09-Aug-2015",1.43,NaN,"-","-"
"10-Aug-2015",0.48,NaN,"-","-"
"11-Aug-2015",1.8,NaN,"-","-"
"12-Aug-2015",3.49,NaN,"-","-"
"13-Aug-2015",3.07,NaN,"-","-"
"14-Aug-2015",1.72,NaN,"-","-"
"15-Aug-2015",0.91,NaN,"-","-"
"16-Aug-2015",7.59,NaN,"-","-"
"17-Aug-2015",32.55,NaN,"-","-"
"18-Aug-2015",2.09,NaN,"-","-"
"19-Aug-2015",8.74,NaN,"-","-"
"20-Aug-2015",3.29,NaN,"-","-"
"21-Aug-2015",0.69,NaN,"-","-"
"22-Aug-2015",9.79,NaN,"-","-"
"23-Aug-2015",19.28,NaN,"-","-"
"24-Aug-2015",2.28,6.76,6.8995337168138615,5.638556520500464
"25-Aug-2015",2.45,NaN,"-","-"
"26-Aug-2015",0.01,NaN,"-","-"
"27-Aug-2015",3.22,NaN,"-","-"
"28-Aug-2015",5.79,NaN,"-","-"
"29-Aug-2015",0,NaN,"-","-"
"30-Aug-2015",0.06,NaN,"-","-"
"31-Aug-2015",0.17,NaN,"-","-"
"01-Sep-2015",0.06,NaN,"-","-"
"02-Sep-2015",0,NaN,"-","-"
"03-Sep-2015",0.02,NaN,"-","-"
"04-Sep-2015",7.65,NaN,"-","-"
"05-Sep-2015",8.45,NaN,"-","-"
"06-Sep-2015",4.67,NaN,"-","-"
"07-Sep-2015",25.14,NaN,"-","-"
"08-Sep-2015",20.24,NaN,"-","-"
"09-Sep-2015",0.13,NaN,"-","-"
"10-Sep-2015",0.55,NaN,"-","-"
"11-Sep-2015",3.01,NaN,"-","-"
"12-Sep-2015",0,NaN,"-","-"
"13-Sep-2015",1.14,NaN,"-","-"
"14-Sep-2015",0,NaN,"-","-"
"15-Sep-2015",0.91,NaN,"-","-"
"16-Sep-2015",3.69,NaN,"-","-"
"17-Sep-2015",0,NaN,"-","-"
"18-Sep-2015",0.2,NaN,"-","-"
"19-Sep-2015",0.64,NaN,"-","-"
"20-Sep-2015",1.66,NaN,"-","-"
"21-Sep-2015",2.82,NaN,"-","-"
"22-Sep-2015",0,NaN,"-","-"
"23-Sep-2015",0.02,NaN,"-","-"
"24-Sep-2015",0.29,NaN,"-","-"
"25-Sep-2015",29.09,NaN,"-","-"
"26-Sep-2015",14.68,NaN,"-","-"
"27-Sep-2015",0.07,NaN,"-","-"
"28-Sep-2015",18.51,NaN,"-","-"
"29-Sep-2015",1.51,NaN,"-","-"
"30-Sep-2015",10.19,NaN,"-","-"
"01-Oct-2015",3.04,NaN,"-","-"
"02-Oct-2015",4.88,NaN,"-","-"
"03-Oct-2015",0.28,NaN,"-","-"
"04-Oct-2015",4.32,NaN,"-","-"
"05-Oct-2015",24.18,NaN,"-","-"
"06-Oct-2015",23.06,NaN,"-","-"
"07-Oct-2015",2.74,NaN,"-","-"
"08-Oct-2015",2.24,NaN,"-","-"
"09-Oct-2015",0.31,NaN,"-","-"
"10-Oct-2015",0.03,NaN,"-","-"
"11-Oct-2015",0.05,NaN,"-","-"
"12-Oct-2015",22.63,NaN,"-","-"
"13-Oct-2015",0.61,NaN,"-","-"
"14-Oct-2015",0,NaN,"-","-"
"15-Oct-2015",0,NaN,"-","-"
"16-Oct-2015",0,NaN,"-","-"
"17-Oct-2015",0,NaN,"-","-"
"18-Oct-2015",0,NaN,"-","-"
"19-Oct-2015",0,NaN,"-","-"
"20-Oct-2015",0.03,NaN,"-","-"
"21-Oct-2015",0.15,NaN,"-","-"
"22-Oct-2015",0,NaN,"-","-"
"23-Oct-2015",0,NaN,"-","-"
"24-Oct-2015",0,NaN,"-","-"
"25-Oct-2015",0,NaN,"-","-"
"26-Oct-2015",0,NaN,"-","-"
"27-Oct-2015",0,NaN,"-","-"
"28-Oct-2015",1.49,NaN,"-","-"
"29-Oct-2015",6.78,NaN,"-","-"
"30-Oct-2015",0.81,NaN,"-","-"
"31-Oct-2015",5.27,NaN,"-","-"
"01-Nov-2015",6.08,NaN,"-","-"
"02-Nov-2015",19.38,NaN,"-","-"
"03-Nov-2015",17.86,NaN,"-","-"
"04-Nov-2015",26.64,5.36,5.301393393138548,3.5034271103794787
"05-Nov-2015",38.06,NaN,"-","-"
"06-Nov-2015",0,NaN,"-","-"
"07-Nov-2015",0,NaN,"-","-"
"08-Nov-2015",0.02,NaN,"-","-"
"09-Nov-2015",0,NaN,"-","-"
"10-Nov-2015",36.45,NaN,"-","-"
"11-Nov-2015",8.44,NaN,"-","-"
"12-Nov-2015",1.87,NaN,"-","-"
"13-Nov-2015",3.37,NaN,"-","-"
"14-Nov-2015",0,NaN,"-","-"
"15-Nov-2015",0,NaN,"-","-"
"16-Nov-2015",2.42,NaN,"-","-"
"17-Nov-2015",0.72,NaN,"-","-"
"18-Nov-2015",0.2,NaN,"-","-"
"19-Nov-2015",5.2,NaN,"-","-"
"20-Nov-2015",3.25,NaN,"-","-"
"21-Nov-2015",3.8,NaN,"-","-"
"22-Nov-2015",1.98,NaN,"-","-"
"23-Nov-2015",3.22,NaN,"-","-"
"24-Nov-2015",7.66,NaN,"-","-"
"25-Nov-2015",0,NaN,"-","-"
"26-Nov-2015",0,NaN,"-","-"
"27-Nov-2015",0,NaN,"-","-"
"28-Nov-2015",0,NaN,"-","-"
"29-Nov-2015",0,NaN,"-","-"
"30-Nov-2015",5.58,NaN,"-","-"
"01-Dec-2015",0.93,NaN,"-","-"
"02-Dec-2015",0.4,NaN,"-","-"
"03-Dec-2015",2.33,NaN,"-","-"
"04-Dec-2015",0.55,NaN,"-","-"
"05-Dec-2015",0,NaN,"-","-"
"06-Dec-2015",0.09,NaN,"-","-"
"07-Dec-2015",0,NaN,"-","-"
"08-Dec-2015",0,NaN,"-","-"
"09-Dec-2015",0.19,NaN,"-","-"
"10-Dec-2015",0.16,NaN,"-","-"
"11-Dec-2015",0,NaN,"-","-"
"12-Dec-2015",0,NaN,"-","-"
"13-Dec-2015",0,NaN,"-","-"
"14-Dec-2015",0,NaN,"-","-"
"15-Dec-2015",1.1,NaN,"-","-"
"16-Dec-2015",0,NaN,"-","-"
"17-Dec-2015",0,NaN,"-","-"
"18-Dec-2015",0,NaN,"-","-"
"19-Dec-2015",0,NaN,"-","-"
"20-Dec-2015",0,NaN,"-","-"
"21-Dec-2015",0,NaN,"-","-"
"22-Dec-2015",0,NaN,"-","-"
"23-Dec-2015",0,NaN,"-","-"
"24-Dec-2015",0,NaN,"-","-"
"25-Dec-2015",0,NaN,"-","-"
"26-Dec-2015",0,NaN,"-","-"
"27-Dec-2015",0,NaN,"-","-"
"28-Dec-2015",0,NaN,"-","-"
"29-Dec-2015",0,NaN,"-","-"
"30-Dec-2015",0,NaN,"-","-"
"31-Dec-2015",0,NaN,"-","-"
"01-Jan-2016",0,NaN,"-","-"
"02-Jan-2016",0,NaN,"-","-"
"03-Jan-2016",0,NaN,"-","-"
"04-Jan-2016",0,6.34,5.41140400343349,4.477047673240823
"05-Jan-2016",0,NaN,"-","-"
"06-Jan-2016",0,NaN,"-","-"
"07-Jan-2016",0,NaN,"-","-"
"08-Jan-2016",0,NaN,"-","-"
"09-Jan-2016",0,NaN,"-","-"
"10-Jan-2016",0,NaN,"-","-"
"11-Jan-2016",0,NaN,"-","-"
"12-Jan-2016",0,NaN,"-","-"
"13-Jan-2016",0,NaN,"-","-"
"14-Jan-2016",0,NaN,"-","-"
"15-Jan-2016",0,NaN,"-","-"
"16-Jan-2016",0,NaN,"-","-"
"17-Jan-2016",0,NaN,"-","-"
"18-Jan-2016",0,NaN,"-","-"
"19-Jan-2016",0.51,NaN,"-","-"
"20-Jan-2016",1.07,NaN,"-","-"
"21-Jan-2016",0.07,NaN,"-","-"
"22-Jan-2016",0.02,NaN,"-","-"
"23-Jan-2016",0,NaN,"-","-"
"24-Jan-2016",0,NaN,"-","-"
"25-Jan-2016",0,NaN,"-","-"
"26-Jan-2016",0,NaN,"-","-"
"27-Jan-2016",0,NaN,"-","-"
"28-Jan-2016",0,NaN,"-","-"
"29-Jan-2016",0,NaN,"-","-"
"30-Jan-2016",0,NaN,"-","-"
"31-Jan-2016",0,NaN,"-","-"
"01-Feb-2016",0,NaN,"-","-"
"02-Feb-2016",0,NaN,"-","-"
"03-Feb-2016",0,NaN,"-","-"
"04-Feb-2016",0,NaN,"-","-"
"05-Feb-2016",0,NaN,"-","-"
"06-Feb-2016",0,NaN,"-","-"
"07-Feb-2016",0,NaN,"-","-"
"08-Feb-2016",0,NaN,"-","-"
"09-Feb-2016",0,NaN,"-","-"
"10-Feb-2016",0,NaN,"-","-"
"11-Feb-2016",0.02,NaN,"-","-"
"12-Feb-2016",0.03,NaN,"-","-"
"13-Feb-2016",0,NaN,"-","-"
"14-Feb-2016",0,NaN,"-","-"
"15-Feb-2016",0,NaN,"-","-"
"16-Feb-2016",0,NaN,"-","-"
"17-Feb-2016",0,NaN,"-","-"
"18-Feb-2016",0,NaN,"-","-"
"19-Feb-2016",0,NaN,"-","-"
"20-Feb-2016",0,NaN,"-","-"
"21-Feb-2016",0,NaN,"-","-"
"22-Feb-2016",0,NaN,"-","-"
"23-Feb-2016",0,NaN,"-","-"
"24-Feb-2016",0,NaN,"-","-"
"25-Feb-2016",0,NaN,"-","-"
"26-Feb-2016",0.02,NaN,"-","-"
"27-Feb-2016",0,NaN,"-","-"
"28-Feb-2016",0,NaN,"-","-"
"29-Feb-2016",0,NaN,"-","-"
"01-Mar-2016",0,NaN,"-","-"
"02-Mar-2016",0,NaN,"-","-"
"03-Mar-2016",0,NaN,"-","-"
"04-Mar-2016",0,NaN,"-","-"
"05-Mar-2016",0,NaN,"-","-"
"06-Mar-2016",0,NaN,"-","-"
"07-Mar-2016",0,NaN,"-","-"
"08-Mar-2016",0,NaN,"-","-"
"09-Mar-2016",0,NaN,"-","-"
"10-Mar-2016",0,NaN,"-","-"
"11-Mar-2016",0,NaN,"-","-"
"12-Mar-2016",0,NaN,"-","-"
"13-Mar-2016",0,NaN,"-","-"
"14-Mar-2016",0,NaN,"-","-"
"15-Mar-2016",0.44,NaN,"-","-"
"16-Mar-2016",0,NaN,"-","-"
"17-Mar-2016",0,NaN,"-","-"
"18-Mar-2016",1.53,NaN,"-","-"
"19-Mar-2016",0.4,NaN,"-","-"
"20-Mar-2016",0.09,NaN,"-","-"
"21-Mar-2016",0,NaN,"-","-"
"22-Mar-2016",0,NaN,"-","-"
"23-Mar-2016",0,NaN,"-","-"
"24-Mar-2016",0,NaN,"-","-"
"25-Mar-2016",0,NaN,"-","-"
"26-Mar-2016",0,NaN,"-","-"
"27-Mar-2016",0,NaN,"-","-"
"28-Mar-2016",0,NaN,"-","-"
"29-Mar-2016",0,NaN,"-","-"
"30-Mar-2016",0,NaN,"-","-"
"31-Mar-2016",0.03,NaN,"-","-"
"01-Apr-2016",0,NaN,"-","-"
"02-Apr-2016",0.32,NaN,"-","-"
"03-Apr-2016",0.23,NaN,"-","-"
"04-Apr-2016",0,NaN,"-","-"
"05-Apr-2016",0,NaN,"-","-"
"06-Apr-2016",0.03,NaN,"-","-"
"07-Apr-2016",0,NaN,"-","-"
"08-Apr-2016",1.95,NaN,"-","-"
"09-Apr-2016",0,NaN,"-","-"
"10-Apr-2016",0.21,NaN,"-","-"
"11-Apr-2016",0.14,NaN,"-","-"
"12-Apr-2016",0,NaN,"-","-"
"13-Apr-2016",0.89,NaN,"-","-"
"14-Apr-2016",0,NaN,"-","-"
"15-Apr-2016",1.48,NaN,"-","-"
"16-Apr-2016",0.51,NaN,"-","-"
"17-Apr-2016",0,NaN,"-","-"
"18-Apr-2016",0.26,NaN,"-","-"
"19-Apr-2016",0,NaN,"-","-"
"20-Apr-2016",0,NaN,"-","-"
"21-Apr-2016",0,NaN,"-","-"
"22-Apr-2016",0,NaN,"-","-"
"23-Apr-2016",0.28,NaN,"-","-"
"24-Apr-2016",0,NaN,"-","-"
"25-Apr-2016",0,NaN,"-","-"
"26-Apr-2016",5.23,NaN,"-","-"
"27-Apr-2016",0,NaN,"-","-"
"28-Apr-2016",0,NaN,"-","-"
"29-Apr-2016",0,NaN,"-","-"
"30-Apr-2016",0,NaN,"-","-"
"01-May-2016",0,NaN,"-","-"
"02-May-2016",0,NaN,"-","-"
"03-May-2016",1.38,NaN,"-","-"
"04-May-2016",0.02,NaN,"-","-"
"05-May-2016",0,NaN,"-","-"
"06-May-2016",3.08,NaN,"-","-"
"07-May-2016",7.53,NaN,"-","-"
"08-May-2016",2.24,NaN,"-","-"
"09-May-2016",10.35,NaN,"-","-"
"10-May-2016",0,NaN,"-","-"
"11-May-2016",5.36,NaN,"-","-"
"12-May-2016",1.3,NaN,"-","-"
"13-May-2016",3.89,NaN,"-","-"
"14-May-2016",0.84,7.32,5.584059741403543,7.898773896748297
"15-May-2016",2.57,NaN,"-","-"
"16-May-2016",0.39,NaN,"-","-"
"17-May-2016",5.67,NaN,"-","-"
"18-May-2016",0.53,NaN,"-","-"
"19-May-2016",5.16,NaN,"-","-"
"20-May-2016",1.85,NaN,"-","-"
"21-May-2016",0.14,NaN,"-","-"
"22-May-2016",0,NaN,"-","-"
"23-May-2016",0,NaN,"-","-"
"24-May-2016",0,NaN,"-","-"
"25-May-2016",0.38,NaN,"-","-"
"26-May-2016",0.05,NaN,"-","-"
"27-May-2016",0.22,NaN,"-","-"
"28-May-2016",1.78,NaN,"-","-"
"29-May-2016",16.58,NaN,"-","-"
"30-May-2016",0.36,NaN,"-","-"
"31-May-2016",6.74,NaN,"-","-"
"01-Jun-2016",1.43,NaN,"-","-"
"02-Jun-2016",10.77,NaN,"-","-"
"03-Jun-2016",0.67,NaN,"-","-"
"04-Jun-2016",1.73,NaN,"-","-"
"05-Jun-2016",3.89,NaN,"-","-"
"06-Jun-2016",2.65,NaN,"-","-"
"07-Jun-2016",0.03,NaN,"-","-"
"08-Jun-2016",0.13,NaN,"-","-"
"09-Jun-2016",3.78,NaN,"-","-"
"10-Jun-2016",0.79,NaN,"-","-"
"11-Jun-2016",4.79,NaN,"-","-"
"12-Jun-2016",0.47,NaN,"-","-"
"13-Jun-2016",1.51,NaN,"-","-"
"14-Jun-2016",1.19,NaN,"-","-"
"15-Jun-2016",0.12,NaN,"-","-"
"16-Jun-2016",0.95,NaN,"-","-"
"17-Jun-2016",0.67,NaN,"-","-"
"18-Jun-2016",3.8,NaN,"-","-"
"19-Jun-2016",0.3,NaN,"-","-"
"20-Jun-2016",1.19,NaN,"-","-"
"21-Jun-2016",3.04,NaN,"-","-"
"22-Jun-2016",1.52,NaN,"-","-"
"23-Jun-2016",14.58,NaN,"-","-"
"24-Jun-2016",2.58,NaN,"-","-"
"25-Jun-2016",1.57,NaN,"-","-"
"26-Jun-2016",4.03,NaN,"-","-"
"27-Jun-2016",3.84,NaN,"-","-"
"28-Jun-2016",9.53,NaN,"-","-"
"29-Jun-2016",16.62,NaN,"-","-"
"30-Jun-2016",13.09,NaN,"-","-"
"01-Jul-2016",3.22,NaN,"-","-"
"02-Jul-2016",5.3,NaN,"-","-"
"03-Jul-2016",3.39,NaN,"-","-"
"04-Jul-2016",4.52,NaN,"-","-"
"05-Jul-2016",6.16,NaN,"-","-"
"06-Jul-2016",1.59,NaN,"-","-"
"07-Jul-2016",7.35,NaN,"-","-"
"08-Jul-2016",1.76,NaN,"-","-"
"09-Jul-2016",2.65,NaN,"-","-"
"10-Jul-2016",3.4,NaN,"-","-"
"11-Jul-2016",6.79,NaN,"-","-"
"12-Jul-2016",2.09,NaN,"-","-"
"13-Jul-2016",2.3,NaN,"-","-"
"14-Jul-2016",1.92,NaN,"-","-"
"15-Jul-2016",0.86,NaN,"-","-"
"16-Jul-2016",10.82,NaN,"-","-"
"17-Jul-2016",1.98,NaN,"-","-"
"18-Jul-2016",8.85,NaN,"-","-"
"19-Jul-2016",3.12,NaN,"-","-"
"20-Jul-2016",5.77,NaN,"-","-"
"21-Jul-2016",7.68,NaN,"-","-"
"22-Jul-2016",3.73,NaN,"-","-"
"23-Jul-2016",1.32,NaN,"-","-"
"24-Jul-2016",1.04,NaN,"-","-"
"25-Jul-2016",1.64,NaN,"-","-"
"26-Jul-2016",10.1,NaN,"-","-"
"27-Jul-2016",13.01,NaN,"-","-"
"28-Jul-2016",10.84,NaN,"-","-"
"29-Jul-2016",50.01,NaN,"-","-"
"30-Jul-2016",2.71,NaN,"-","-"
"31-Jul-2016",12.54,NaN,"-","-"
"01-Aug-2016",0.85,NaN,"-","-"
"02-Aug-2016",2.16,NaN,"-","-"
"03-Aug-2016",0.79,NaN,"-","-"
"04-Aug-2016",0.83,NaN,"-","-"
"05-Aug-2016",4.76,NaN,"-","-"
"06-Aug-2016",3.82,NaN,"-","-"
"07-Aug-2016",6.43,NaN,"-","-"
"08-Aug-2016",1.92,NaN,"-","-"
"09-Aug-2016",1.97,NaN,"-","-"
"10-Aug-2016",1.32,NaN,"-","-"
"11-Aug-2016",1.86,NaN,"-","-"
"12-Aug-2016",1.27,NaN,"-","-"
"13-Aug-2016",1.75,NaN,"-","-"
"14-Aug-2016",1.5,NaN,"-","-"
"15-Aug-2016",1.11,NaN,"-","-"
"16-Aug-2016",1.48,NaN,"-","-"
"17-Aug-2016",1.1,NaN,"-","-"
"18-Aug-2016",1.35,NaN,"-","-"
"19-Aug-2016",1.15,NaN,"-","-"
"20-Aug-2016",0.94,NaN,"-","-"
"21-Aug-2016",0,NaN,"-","-"
"22-Aug-2016",0.84,NaN,"-","-"
"23-Aug-2016",1.85,NaN,"-","-"
"24-Aug-2016",1.66,6.77,5.638556520500464,6.965791341951365
"25-Aug-2016",0.64,NaN,"-","-"
"26-Aug-2016",2.68,NaN,"-","-"
"27-Aug-2016",5.93,NaN,"-","-"
"28-Aug-2016",1.75,NaN,"-","-"
"29-Aug-2016",1.41,NaN,"-","-"
"30-Aug-2016",4.49,NaN,"-","-"
"31-Aug-2016",32.44,NaN,"-","-"
"01-Sep-2016",3.88,NaN,"-","-"
"02-Sep-2016",0.08,NaN,"-","-"
"03-Sep-2016",1.07,NaN,"-","-"
"04-Sep-2016",0.45,NaN,"-","-"
"05-Sep-2016",0.18,NaN,"-","-"
"06-Sep-2016",0.23,NaN,"-","-"
"07-Sep-2016",0.59,NaN,"-","-"
"08-Sep-2016",0.19,NaN,"-","-"
"09-Sep-2016",0.45,NaN,"-","-"
"10-Sep-2016",0,NaN,"-","-"
"11-Sep-2016",3.79,NaN,"-","-"
"12-Sep-2016",0.11,NaN,"-","-"
"13-Sep-2016",0.54,NaN,"-","-"
"14-Sep-2016",5.77,NaN,"-","-"
"15-Sep-2016",2.12,NaN,"-","-"
"16-Sep-2016",1.74,NaN,"-","-"
"17-Sep-2016",2.56,NaN,"-","-"
"18-Sep-2016",0.58,NaN,"-","-"
"19-Sep-2016",0.6,NaN,"-","-"
"20-Sep-2016",0.01,NaN,"-","-"
"21-Sep-2016",0.59,NaN,"-","-"
"22-Sep-2016",4.46,NaN,"-","-"
"23-Sep-2016",0.63,NaN,"-","-"
"24-Sep-2016",2.1,NaN,"-","-"
"25-Sep-2016",1.93,NaN,"-","-"
"26-Sep-2016",2.63,NaN,"-","-"
"27-Sep-2016",9.03,NaN,"-","-"
"28-Sep-2016",0.85,NaN,"-","-"
"29-Sep-2016",10.99,NaN,"-","-"
"30-Sep-2016",5.16,NaN,"-","-"
"01-Oct-2016",0,NaN,"-","-"
"02-Oct-2016",0,NaN,"-","-"
"03-Oct-2016",0,NaN,"-","-"
"04-Oct-2016",0.09,NaN,"-","-"
"05-Oct-2016",0.06,NaN,"-","-"
"06-Oct-2016",0,NaN,"-","-"
"07-Oct-2016",0,NaN,"-","-"
"08-Oct-2016",0,NaN,"-","-"
"09-Oct-2016",0,NaN,"-","-"
"10-Oct-2016",0,NaN,"-","-"
"11-Oct-2016",0,NaN,"-","-"
"12-Oct-2016",2.6,NaN,"-","-"
"13-Oct-2016",24.86,NaN,"-","-"
"14-Oct-2016",3.14,NaN,"-","-"
"15-Oct-2016",0,NaN,"-","-"
"16-Oct-2016",0,NaN,"-","-"
"17-Oct-2016",0,NaN,"-","-"
"18-Oct-2016",0,NaN,"-","-"
"19-Oct-2016",0,NaN,"-","-"
"20-Oct-2016",0,NaN,"-","-"
"21-Oct-2016",0,NaN,"-","-"
"22-Oct-2016",0,NaN,"-","-"
"23-Oct-2016",0,NaN,"-","-"
"24-Oct-2016",0,NaN,"-","-"
"25-Oct-2016",0,NaN,"-","-"
"26-Oct-2016",0,NaN,"-","-"
"27-Oct-2016",0,NaN,"-","-"
"28-Oct-2016",0,NaN,"-","-"
"29-Oct-2016",0,NaN,"-","-"
"30-Oct-2016",0,NaN,"-","-"
"31-Oct-2016",1.09,NaN,"-","-"
"01-Nov-2016",1.15,NaN,"-","-"
"02-Nov-2016",2.26,NaN,"-","-"
"03-Nov-2016",0.03,NaN,"-","-"
"04-Nov-2016",0,5.4,3.5034271103794787,6.829793718915614
"05-Nov-2016",0,NaN,"-","-"
"06-Nov-2016",0,NaN,"-","-"
"07-Nov-2016",0,NaN,"-","-"
"08-Nov-2016",0,NaN,"-","-"
"09-Nov-2016",0,NaN,"-","-"
"10-Nov-2016",0,NaN,"-","-"
"11-Nov-2016",0,NaN,"-","-"
"12-Nov-2016",0,NaN,"-","-"
"13-Nov-2016",0,NaN,"-","-"
"14-Nov-2016",0,NaN,"-","-"
"15-Nov-2016",0,NaN,"-","-"
"16-Nov-2016",0,NaN,"-","-"
"17-Nov-2016",0,NaN,"-","-"
"18-Nov-2016",0,NaN,"-","-"
"19-Nov-2016",0,NaN,"-","-"
"20-Nov-2016",0,NaN,"-","-"
"21-Nov-2016",0,NaN,"-","-"
"22-Nov-2016",0,NaN,"-","-"
"23-Nov-2016",0,NaN,"-","-"
"24-Nov-2016",0,NaN,"-","-"
"25-Nov-2016",0,NaN,"-","-"
"26-Nov-2016",0,NaN,"-","-"
"27-Nov-2016",0,NaN,"-","-"
"28-Nov-2016",0,NaN,"-","-"
"29-Nov-2016",0,NaN,"-","-"
"30-Nov-2016",0,NaN,"-","-"
"01-Dec-2016",0,NaN,"-","-"
"02-Dec-2016",2.06,NaN,"-","-"
"03-Dec-2016",2.5,NaN,"-","-"
"04-Dec-2016",0.07,NaN,"-","-"
"05-Dec-2016",0.09,NaN,"-","-"
"06-Dec-2016",0,NaN,"-","-"
"07-Dec-2016",0,NaN,"-","-"
"08-Dec-2016",0,NaN,"-","-"
"09-Dec-2016",0,NaN,"-","-"
"10-Dec-2016",0,NaN,"-","-"
"11-Dec-2016",0,NaN,"-","-"
"12-Dec-2016",0,NaN,"-","-"
"13-Dec-2016",31.64,NaN,"-","-"
"14-Dec-2016",6.86,NaN,"-","-"
"15-Dec-2016",0.66,NaN,"-","-"
"16-Dec-2016",0,NaN,"-","-"
"17-Dec-2016",0,NaN,"-","-"
"18-Dec-2016",0,NaN,"-","-"
"19-Dec-2016",0,NaN,"-","-"
"20-Dec-2016",0,NaN,"-","-"
"21-Dec-2016",0,NaN,"-","-"
"22-Dec-2016",0,NaN,"-","-"
"23-Dec-2016",0,NaN,"-","-"
"24-Dec-2016",0,NaN,"-","-"
"25-Dec-2016",0,NaN,"-","-"
"26-Dec-2016",0,NaN,"-","-"
"27-Dec-2016",0,NaN,"-","-"
"28-Dec-2016",0,NaN,"-","-"
"29-Dec-2016",0,NaN,"-","-"
"30-Dec-2016",0,NaN,"-","-"
"31-Dec-2016",0,NaN,"-","-"
"01-Jan-2017",0,NaN,"-","-"
"02-Jan-2017",0,NaN,"-","-"
"03-Jan-2017",0,NaN,"-","-"
"04-Jan-2017",0,6.52,4.477047673240823,8.600589378354313
"05-Jan-2017",0,NaN,"-","-"
"06-Jan-2017",0,NaN,"-","-"
"07-Jan-2017",0,NaN,"-","-"
"08-Jan-2017",0,NaN,"-","-"
"09-Jan-2017",0,NaN,"-","-"
"10-Jan-2017",0,NaN,"-","-"
"11-Jan-2017",0,NaN,"-","-"
"12-Jan-2017",0,NaN,"-","-"
"13-Jan-2017",0,NaN,"-","-"
"14-Jan-2017",0,NaN,"-","-"
"15-Jan-2017",0,NaN,"-","-"
"16-Jan-2017",0,NaN,"-","-"
"17-Jan-2017",0,NaN,"-","-"
"18-Jan-2017",0,NaN,"-","-"
"19-Jan-2017",0,NaN,"-","-"
"20-Jan-2017",0,NaN,"-","-"
"21-Jan-2017",0,NaN,"-","-"
"22-Jan-2017",0,NaN,"-","-"
"23-Jan-2017",0,NaN,"-","-"
"24-Jan-2017",0,NaN,"-","-"
"25-Jan-2017",0,NaN,"-","-"
"26-Jan-2017",0,NaN,"-","-"
"27-Jan-2017",1.22,NaN,"-","-"
"28-Jan-2017",0.93,NaN,"-","-"
"29-Jan-2017",0.13,NaN,"-","-"
"30-Jan-2017",0,NaN,"-","-"
"31-Jan-2017",0,NaN,"-","-"
"01-Feb-2017",0,NaN,"-","-"
"02-Feb-2017",0,NaN,"-","-"
"03-Feb-2017",0,NaN,"-","-"
"04-Feb-2017",0,NaN,"-","-"
"05-Feb-2017",0,NaN,"-","-"
"06-Feb-2017",0,NaN,"-","-"
"07-Feb-2017",0,NaN,"-","-"
"08-Feb-2017",0,NaN,"-","-"
"09-Feb-2017",0,NaN,"-","-"
"10-Feb-2017",0,NaN,"-","-"
"11-Feb-2017",0,NaN,"-","-"
"12-Feb-2017",0,NaN,"-","-"
"13-Feb-2017",0,NaN,"-","-"
"14-Feb-2017",0,NaN,"-","-"
"15-Feb-2017",0,NaN,"-","-"
"16-Feb-2017",0,NaN,"-","-"
"17-Feb-2017",0,NaN,"-","-"
"18-Feb-2017",0,NaN,"-","-"
"19-Feb-2017",0,NaN,"-","-"
"20-Feb-2017",0,NaN,"-","-"
"21-Feb-2017",0,NaN,"-","-"
"22-Feb-2017",0,NaN,"-","-"
"23-Feb-2017",0,NaN,"-","-"
"24-Feb-2017",0,NaN,"-","-"
"25-Feb-2017",0,NaN,"-","-"
"26-Feb-2017",0,NaN,"-","-"
"27-Feb-2017",0,NaN,"-","-"
"28-Feb-2017",0,NaN,"-","-"
"01-Mar-2017",0,NaN,"-","-"
"02-Mar-2017",0,NaN,"-","-"
"03-Mar-2017",0,NaN,"-","-"
"04-Mar-2017",0,NaN,"-","-"
"05-Mar-2017",0,NaN,"-","-"
"06-Mar-2017",3.83,NaN,"-","-"
"07-Mar-2017",0.4,NaN,"-","-"
"08-Mar-2017",5.26,NaN,"-","-"
"09-Mar-2017",0,NaN,"-","-"
"10-Mar-2017",0,NaN,"-","-"
"11-Mar-2017",0,NaN,"-","-"
"12-Mar-2017",0,NaN,"-","-"
"13-Mar-2017",0,NaN,"-","-"
"14-Mar-2017",0,NaN,"-","-"
"15-Mar-2017",0.1,NaN,"-","-"
"16-Mar-2017",1.93,NaN,"-","-"
"17-Mar-2017",0,NaN,"-","-"
"18-Mar-2017",0.79,NaN,"-","-"
"19-Mar-2017",0,NaN,"-","-"
"20-Mar-2017",0,NaN,"-","-"
"21-Mar-2017",0.18,NaN,"-","-"
"22-Mar-2017",1.43,NaN,"-","-"
"23-Mar-2017",0,NaN,"-","-"
"24-Mar-2017",0,NaN,"-","-"
"25-Mar-2017",0,NaN,"-","-"
"26-Mar-2017",0,NaN,"-","-"
"27-Mar-2017",0,NaN,"-","-"
"28-Mar-2017",0,NaN,"-","-"
"29-Mar-2017",0,NaN,"-","-"
"30-Mar-2017",0,NaN,"-","-"
"31-Mar-2017",0,NaN,"-","-"
"01-Apr-2017",0,NaN,"-","-"
"02-Apr-2017",0,NaN,"-","-"
"03-Apr-2017",0,NaN,"-","-"
"04-Apr-2017",0,NaN,"-","-"
"05-Apr-2017",1.51,NaN,"-","-"
"06-Apr-2017",1.85,NaN,"-","-"
"07-Apr-2017",7.49,NaN,"-","-"
"08-Apr-2017",0.02,NaN,"-","-"
"09-Apr-2017",0.02,NaN,"-","-"
"10-Apr-2017",1.76,NaN,"-","-"
"11-Apr-2017",5.43,NaN,"-","-"
"12-Apr-2017",1.65,NaN,"-","-"
"13-Apr-2017",0,NaN,"-","-"
"14-Apr-2017",0,NaN,"-","-"
"15-Apr-2017",0,NaN,"-","-"
"16-Apr-2017",0,NaN,"-","-"
"17-Apr-2017",4.03,NaN,"-","-"
"18-Apr-2017",4.93,NaN,"-","-"
"19-Apr-2017",2.03,NaN,"-","-"
"20-Apr-2017",0.02,NaN,"-","-"
"21-Apr-2017",5.94,NaN,"-","-"
"22-Apr-2017",5.41,NaN,"-","-"
"23-Apr-2017",0.23,NaN,"-","-"
"24-Apr-2017",0,NaN,"-","-"
"25-Apr-2017",0,NaN,"-","-"
"26-Apr-2017",1.2,NaN,"-","-"
"27-Apr-2017",0,NaN,"-","-"
"28-Apr-2017",0.04,NaN,"-","-"
"29-Apr-2017",0.36,NaN,"-","-"
"30-Apr-2017",0.67,NaN,"-","-"
"01-May-2017",2.72,NaN,"-","-"
"02-May-2017",3.82,NaN,"-","-"
"03-May-2017",2.53,NaN,"-","-"
"04-May-2017",0.25,NaN,"-","-"
"05-May-2017",0,NaN,"-","-"
"06-May-2017",0.27,NaN,"-","-"
"07-May-2017",3.73,NaN,"-","-"
"08-May-2017",7.06,NaN,"-","-"
"09-May-2017",0,NaN,"-","-"
"10-May-2017",4.42,NaN,"-","-"
"11-May-2017",11.07,NaN,"-","-"
"12-May-2017",0.97,NaN,"-","-"
"13-May-2017",1.62,NaN,"-","-"
"14-May-2017",0,7.37,7.898773896748297,8.368701845368445
"15-May-2017",7.2,NaN,"-","-"
"16-May-2017",0.54,NaN,"-","-"
"17-May-2017",13.36,NaN,"-","-"
"18-May-2017",1.78,NaN,"-","-"
"19-May-2017",27.85,NaN,"-","-"
"20-May-2017",0.37,NaN,"-","-"
"21-May-2017",7.59,NaN,"-","-"
"22-May-2017",0.43,NaN,"-","-"
"23-May-2017",8.43,NaN,"-","-"
"24-May-2017",10.31,NaN,"-","-"
"25-May-2017",3.75,NaN,"-","-"
"26-May-2017",0.76,NaN,"-","-"
"27-May-2017",23.36,NaN,"-","-"
"28-May-2017",3.07,NaN,"-","-"
"29-May-2017",0.37,NaN,"-","-"
"30-May-2017",0,NaN,"-","-"
"31-May-2017",0.23,NaN,"-","-"
"01-Jun-2017",0,NaN,"-","-"
"02-Jun-2017",0.01,NaN,"-","-"
"03-Jun-2017",0.65,NaN,"-","-"
"04-Jun-2017",0.02,NaN,"-","-"
"05-Jun-2017",0.9,NaN,"-","-"
"06-Jun-2017",0.25,NaN,"-","-"
"07-Jun-2017",2.59,NaN,"-","-"
"08-Jun-2017",0.05,NaN,"-","-"
"09-Jun-2017",0.37,NaN,"-","-"
"10-Jun-2017",3.09,NaN,"-","-"
"11-Jun-2017",1.54,NaN,"-","-"
"12-Jun-2017",3.09,NaN,"-","-"
"13-Jun-2017",3.52,NaN,"-","-"
"14-Jun-2017",1.68,NaN,"-","-"
"15-Jun-2017",0.48,NaN,"-","-"
"16-Jun-2017",1.69,NaN,"-","-"
"17-Jun-2017",4.52,NaN,"-","-"
"18-Jun-2017",0.17,NaN,"-","-"
"19-Jun-2017",0.16,NaN,"-","-"
"20-Jun-2017",1.08,NaN,"-","-"
"21-Jun-2017",2.16,NaN,"-","-"
"22-Jun-2017",0.27,NaN,"-","-"
"23-Jun-2017",2.96,NaN,"-","-"
"24-Jun-2017",4.25,NaN,"-","-"
"25-Jun-2017",0.5,NaN,"-","-"
"26-Jun-2017",0.05,NaN,"-","-"
"27-Jun-2017",0.97,NaN,"-","-"
"28-Jun-2017",2.73,NaN,"-","-"
"29-Jun-2017",0.4,NaN,"-","-"
"30-Jun-2017",2.33,NaN,"-","-"
"01-Jul-2017",1.77,NaN,"-","-"
"02-Jul-2017",0.97,NaN,"-","-"
"03-Jul-2017",0.52,NaN,"-","-"
"04-Jul-2017",1.11,NaN,"-","-"
"05-Jul-2017",0.1,NaN,"-","-"
"06-Jul-2017",0.07,NaN,"-","-"
"07-Jul-2017",1.29,NaN,"-","-"
"08-Jul-2017",0.75,NaN,"-","-"
"09-Jul-2017",0.04,NaN,"-","-"
"10-Jul-2017",0,NaN,"-","-"
"11-Jul-2017",0.76,NaN,"-","-"
"12-Jul-2017",0.76,NaN,"-","-"
"13-Jul-2017",0.9,NaN,"-","-"
"14-Jul-2017",1.62,NaN,"-","-"
"15-Jul-2017",2.57,NaN,"-","-"
"16-Jul-2017",4.82,NaN,"-","-"
"17-Jul-2017",0.16,NaN,"-","-"
"18-Jul-2017",0.58,NaN,"-","-"
"19-Jul-2017",1.67,NaN,"-","-"
"20-Jul-2017",2.82,NaN,"-","-"
"21-Jul-2017",0.68,NaN,"-","-"
"22-Jul-2017",0.74,NaN,"-","-"
"23-Jul-2017",0.36,NaN,"-","-"
"24-Jul-2017",0.33,NaN,"-","-"
"25-Jul-2017",0.38,NaN,"-","-"
"26-Jul-2017",0.15,NaN,"-","-"
"27-Jul-2017",0.12,NaN,"-","-"
"28-Jul-2017",4.01,NaN,"-","-"
"29-Jul-2017",2.11,NaN,"-","-"
"30-Jul-2017",5.71,NaN,"-","-"
"31-Jul-2017",2.09,NaN,"-","-"
"01-Aug-2017",3.81,NaN,"-","-"
"02-Aug-2017",0.94,NaN,"-","-"
"03-Aug-2017",0,NaN,"-","-"
"04-Aug-2017",1.44,NaN,"-","-"
"05-Aug-2017",1.09,NaN,"-","-"
"06-Aug-2017",2.25,NaN,"-","-"
"07-Aug-2017",7.56,NaN,"-","-"
"08-Aug-2017",2.59,NaN,"-","-"
"09-Aug-2017",1.19,NaN,"-","-"
"10-Aug-2017",23.43,NaN,"-","-"
"11-Aug-2017",0.73,NaN,"-","-"
"12-Aug-2017",3.51,NaN,"-","-"
"13-Aug-2017",0.59,NaN,"-","-"
"14-Aug-2017",0.18,NaN,"-","-"
"15-Aug-2017",19.01,NaN,"-","-"
"16-Aug-2017",23.47,NaN,"-","-"
"17-Aug-2017",9.14,NaN,"-","-"
"18-Aug-2017",5.07,NaN,"-","-"
"19-Aug-2017",4.15,NaN,"-","-"
"20-Aug-2017",0.98,NaN,"-","-"
"21-Aug-2017",3.53,NaN,"-","-"
"22-Aug-2017",2.52,NaN,"-","-"
"23-Aug-2017",0.79,NaN,"-","-"
"24-Aug-2017",8.18,6.84,6.965791341951365,7.90225188278015
"25-Aug-2017",1.67,NaN,"-","-"
"26-Aug-2017",6.61,NaN,"-","-"
"27-Aug-2017",4.97,NaN,"-","-"
"28-Aug-2017",1.64,NaN,"-","-"
"29-Aug-2017",1.39,NaN,"-","-"
"30-Aug-2017",1.07,NaN,"-","-"
"31-Aug-2017",0.14,NaN,"-","-"
"01-Sep-2017",1.77,NaN,"-","-"
"02-Sep-2017",4.45,NaN,"-","-"
"03-Sep-2017",12.35,NaN,"-","-"
"04-Sep-2017",0.05,NaN,"-","-"
"05-Sep-2017",2.9,NaN,"-","-"
"06-Sep-2017",16.38,NaN,"-","-"
"07-Sep-2017",0.67,NaN,"-","-"
"08-Sep-2017",2.23,NaN,"-","-"
"09-Sep-2017",11.48,NaN,"-","-"
"10-Sep-2017",42.18,NaN,"-","-"
"11-Sep-2017",2.07,NaN,"-","-"
"12-Sep-2017",2.69,NaN,"-","-"
"13-Sep-2017",0.43,NaN,"-","-"
"14-Sep-2017",0.03,NaN,"-","-"
"15-Sep-2017",2.55,NaN,"-","-"
"16-Sep-2017",0.74,NaN,"-","-"
"17-Sep-2017",2.03,NaN,"-","-"
"18-Sep-2017",7.85,NaN,"-","-"
"19-Sep-2017",4.67,NaN,"-","-"
"20-Sep-2017",1.55,NaN,"-","-"
"21-Sep-2017",0.08,NaN,"-","-"
"22-Sep-2017",0.75,NaN,"-","-"
"23-Sep-2017",0,NaN,"-","-"
"24-Sep-2017",0,NaN,"-","-"
"25-Sep-2017",34.5,NaN,"-","-"
"26-Sep-2017",26.19,NaN,"-","-"
"27-Sep-2017",25.08,NaN,"-","-"
"28-Sep-2017",43.14,NaN,"-","-"
"29-Sep-2017",2.85,NaN,"-","-"
"30-Sep-2017",1.48,NaN,"-","-"
"01-Oct-2017",1.31,NaN,"-","-"
"02-Oct-2017",5.47,NaN,"-","-"
"03-Oct-2017",0.2,NaN,"-","-"
"04-Oct-2017",0.35,NaN,"-","-"
"05-Oct-2017",23.15,NaN,"-","-"
"06-Oct-2017",21.12,NaN,"-","-"
"07-Oct-2017",26.04,NaN,"-","-"
"08-Oct-2017",6.7,NaN,"-","-"
"09-Oct-2017",2.95,NaN,"-","-"
"10-Oct-2017",0.8,NaN,"-","-"
"11-Oct-2017",19.16,NaN,"-","-"
"12-Oct-2017",0.88,NaN,"-","-"
"13-Oct-2017",13.49,NaN,"-","-"
"14-Oct-2017",3.79,NaN,"-","-"
"15-Oct-2017",19.57,NaN,"-","-"
"16-Oct-2017",0.1,NaN,"-","-"
"17-Oct-2017",0.19,NaN,"-","-"
"18-Oct-2017",0,NaN,"-","-"
"19-Oct-2017",0,NaN,"-","-"
"20-Oct-2017",0,NaN,"-","-"
"21-Oct-2017",0,NaN,"-","-"
"22-Oct-2017",0,NaN,"-","-"
"23-Oct-2017",0,NaN,"-","-"
"24-Oct-2017",0,NaN,"-","-"
"25-Oct-2017",0,NaN,"-","-"
"26-Oct-2017",1.2,NaN,"-","-"
"27-Oct-2017",2.79,NaN,"-","-"
"28-Oct-2017",4.38,NaN,"-","-"
"29-Oct-2017",0,NaN,"-","-"
"30-Oct-2017",0,NaN,"-","-"
"31-Oct-2017",0,NaN,"-","-"
"01-Nov-2017",0.03,NaN,"-","-"
"02-Nov-2017",2.55,NaN,"-","-"
"03-Nov-2017",0.14,NaN,"-","-"
"04-Nov-2017",0,5.36,6.829793718915614,4.533329180425293
"05-Nov-2017",0.34,NaN,"-","-"
"06-Nov-2017",4.22,NaN,"-","-"
"07-Nov-2017",2.79,NaN,"-","-"
"08-Nov-2017",4.96,NaN,"-","-"
"09-Nov-2017",0,NaN,"-","-"
"10-Nov-2017",0,NaN,"-","-"
"11-Nov-2017",0,NaN,"-","-"
"12-Nov-2017",0,NaN,"-","-"
"13-Nov-2017",0,NaN,"-","-"
"14-Nov-2017",0.2,NaN,"-","-"
"15-Nov-2017",0,NaN,"-","-"
"16-Nov-2017",0.01,NaN,"-","-"
"17-Nov-2017",2.69,NaN,"-","-"
"18-Nov-2017",0,NaN,"-","-"
"19-Nov-2017",0.01,NaN,"-","-"
"20-Nov-2017",0,NaN,"-","-"
"21-Nov-2017",0,NaN,"-","-"
"22-Nov-2017",0,NaN,"-","-"
"23-Nov-2017",0.01,NaN,"-","-"
"24-Nov-2017",0,NaN,"-","-"
"25-Nov-2017",0,NaN,"-","-"
"26-Nov-2017",0,NaN,"-","-"
"27-Nov-2017",0,NaN,"-","-"
"28-Nov-2017",0.01,NaN,"-","-"
"29-Nov-2017",0,NaN,"-","-"
"30-Nov-2017",0,NaN,"-","-"
"01-Dec-2017",0.01,NaN,"-","-"
"02-Dec-2017",1.05,NaN,"-","-"
"03-Dec-2017",0.04,NaN,"-","-"
"04-Dec-2017",0,NaN,"-","-"
"05-Dec-2017",0.23,NaN,"-","-"
"06-Dec-2017",0.06,NaN,"-","-"
"07-Dec-2017",0,NaN,"-","-"
"08-Dec-2017",0,NaN,"-","-"
"09-Dec-2017",0,NaN,"-","-"
"10-Dec-2017",0,NaN,"-","-"
"11-Dec-2017",0,NaN,"-","-"
"12-Dec-2017",0,NaN,"-","-"
"13-Dec-2017",0.64,NaN,"-","-"
"14-Dec-2017",0,NaN,"-","-"
"15-Dec-2017",0,NaN,"-","-"
"16-Dec-2017",0,NaN,"-","-"
"17-Dec-2017",0,NaN,"-","-"
"18-Dec-2017",0,NaN,"-","-"
"19-Dec-2017",0,NaN,"-","-"
"20-Dec-2017",0,NaN,"-","-"
"21-Dec-2017",0,NaN,"-","-"
"22-Dec-2017",0,NaN,"-","-"
"23-Dec-2017",0,NaN,"-","-"
"24-Dec-2017",0,NaN,"-","-"
"25-Dec-2017",0,NaN,"-","-"
"26-Dec-2017",0,NaN,"-","-"
"27-Dec-2017",0,NaN,"-","-"
"28-Dec-2017",0,NaN,"-","-"
"29-Dec-2017",0,NaN,"-","-"
"30-Dec-2017",0,NaN,"-","-"
"31-Dec-2017",0,NaN,"-","-"
"01-Jan-2018",0,NaN,"-","-"
"02-Jan-2018",0,NaN,"-","-"
"03-Jan-2018",0,NaN,"-","-"
"04-Jan-2018",0,6.47,8.600589378354313,5.533158268215975
"05-Jan-2018",0,NaN,"-","-"
"06-Jan-2018",0,NaN,"-","-"
"07-Jan-2018",0,NaN,"-","-"
"08-Jan-2018",0,NaN,"-","-"
"09-Jan-2018",0,NaN,"-","-"
"10-Jan-2018",0,NaN,"-","-"
"11-Jan-2018",0,NaN,"-","-"
"12-Jan-2018",0,NaN,"-","-"
"13-Jan-2018",0,NaN,"-","-"
"14-Jan-2018",0,NaN,"-","-"
"15-Jan-2018",0,NaN,"-","-"
"16-Jan-2018",0,NaN,"-","-"
"17-Jan-2018",0,NaN,"-","-"
"18-Jan-2018",0,NaN,"-","-"
"19-Jan-2018",0,NaN,"-","-"
"20-Jan-2018",0,NaN,"-","-"
"21-Jan-2018",0,NaN,"-","-"
"22-Jan-2018",0,NaN,"-","-"
"23-Jan-2018",0,NaN,"-","-"
"24-Jan-2018",0,NaN,"-","-"
"25-Jan-2018",0,NaN,"-","-"
"26-Jan-2018",0,NaN,"-","-"
"27-Jan-2018",0,NaN,"-","-"
"28-Jan-2018",0,NaN,"-","-"
"29-Jan-2018",0,NaN,"-","-"
"30-Jan-2018",0,NaN,"-","-"
"31-Jan-2018",0,NaN,"-","-"
"01-Feb-2018",0,NaN,"-","-"
"02-Feb-2018",0,NaN,"-","-"
"03-Feb-2018",0,NaN,"-","-"
"04-Feb-2018",0,NaN,"-","-"
"05-Feb-2018",0,NaN,"-","-"
"06-Feb-2018",0,NaN,"-","-"
"07-Feb-2018",0,NaN,"-","-"
"08-Feb-2018",0.21,NaN,"-","-"
"09-Feb-2018",0,NaN,"-","-"
"10-Feb-2018",0.98,NaN,"-","-"
"11-Feb-2018",0,NaN,"-","-"
"12-Feb-2018",0,NaN,"-","-"
"13-Feb-2018",0,NaN,"-","-"
"14-Feb-2018",0,NaN,"-","-"
"15-Feb-2018",0,NaN,"-","-"
"16-Feb-2018",0,NaN,"-","-"
"17-Feb-2018",0,NaN,"-","-"
"18-Feb-2018",0,NaN,"-","-"
"19-Feb-2018",0,NaN,"-","-"
"20-Feb-2018",0,NaN,"-","-"
"21-Feb-2018",0,NaN,"-","-"
"22-Feb-2018",0,NaN,"-","-"
"23-Feb-2018",0,NaN,"-","-"
"24-Feb-2018",0,NaN,"-","-"
"25-Feb-2018",0,NaN,"-","-"
"26-Feb-2018",0,NaN,"-","-"
"27-Feb-2018",0,NaN,"-","-"
"28-Feb-2018",0,NaN,"-","-"
"01-Mar-2018",0,NaN,"-","-"
"02-Mar-2018",0,NaN,"-","-"
"03-Mar-2018",0,NaN,"-","-"
"04-Mar-2018",0,NaN,"-","-"
"05-Mar-2018",0,NaN,"-","-"
"06-Mar-2018",0,NaN,"-","-"
"07-Mar-2018",0,NaN,"-","-"
"08-Mar-2018",0,NaN,"-","-"
"09-Mar-2018",0,NaN,"-","-"
"10-Mar-2018",0,NaN,"-","-"
"11-Mar-2018",0,NaN,"-","-"
"12-Mar-2018",0,NaN,"-","-"
"13-Mar-2018",0,NaN,"-","-"
"14-Mar-2018",0,NaN,"-","-"
"15-Mar-2018",0.8,NaN,"-","-"
"16-Mar-2018",6.98,NaN,"-","-"
"17-Mar-2018",2.22,NaN,"-","-"
"18-Mar-2018",6.06,NaN,"-","-"
"19-Mar-2018",1.62,NaN,"-","-"
"20-Mar-2018",0,NaN,"-","-"
"21-Mar-2018",0,NaN,"-","-"
"22-Mar-2018",1.14,NaN,"-","-"
"23-Mar-2018",0.17,NaN,"-","-"
"24-Mar-2018",0,NaN,"-","-"
"25-Mar-2018",0.23,NaN,"-","-"
"26-Mar-2018",0,NaN,"-","-"
"27-Mar-2018",0,NaN,"-","-"
"28-Mar-2018",0,NaN,"-","-"
"29-Mar-2018",0,NaN,"-","-"
"30-Mar-2018",2.66,NaN,"-","-"
"31-Mar-2018",1.09,NaN,"-","-"
"01-Apr-2018",4.17,NaN,"-","-"
"02-Apr-2018",1.82,NaN,"-","-"
"03-Apr-2018",3.2,NaN,"-","-"
"04-Apr-2018",0,NaN,"-","-"
"05-Apr-2018",0,NaN,"-","-"
"06-Apr-2018",0,NaN,"-","-"
"07-Apr-2018",0,NaN,"-","-"
"08-Apr-2018",0,NaN,"-","-"
"09-Apr-2018",0,NaN,"-","-"
"10-Apr-2018",0,NaN,"-","-"
"11-Apr-2018",0,NaN,"-","-"
"12-Apr-2018",5.75,NaN,"-","-"
"13-Apr-2018",0.09,NaN,"-","-"
"14-Apr-2018",0,NaN,"-","-"
"15-Apr-2018",1.31,NaN,"-","-"
"16-Apr-2018",0.08,NaN,"-","-"
"17-Apr-2018",10.94,NaN,"-","-"
"18-Apr-2018",0,NaN,"-","-"
"19-Apr-2018",0.86,NaN,"-","-"
"20-Apr-2018",2.12,NaN,"-","-"
"21-Apr-2018",1.46,NaN,"-","-"
"22-Apr-2018",1.25,NaN,"-","-"
"23-Apr-2018",4.44,NaN,"-","-"
"24-Apr-2018",0.81,NaN,"-","-"
"25-Apr-2018",1.12,NaN,"-","-"
"26-Apr-2018",0.86,NaN,"-","-"
"27-Apr-2018",2.9,NaN,"-","-"
"28-Apr-2018",0,NaN,"-","-"
"29-Apr-2018",0,NaN,"-","-"
"30-Apr-2018",1.85,NaN,"-","-"
"01-May-2018",5.48,NaN,"-","-"
"02-May-2018",3.8,NaN,"-","-"
"03-May-2018",11.38,NaN,"-","-"
"04-May-2018",41.95,NaN,"-","-"
"05-May-2018",0,NaN,"-","-"
"06-May-2018",0,NaN,"-","-"
"07-May-2018",0.06,NaN,"-","-"
"08-May-2018",0,NaN,"-","-"
"09-May-2018",6.75,NaN,"-","-"
"10-May-2018",0.07,NaN,"-","-"
"11-May-2018",12.7,NaN,"-","-"
"12-May-2018",12.72,NaN,"-","-"
"13-May-2018",11.47,NaN,"-","-"
"14-May-2018",2.94,NaN,"-","-"
"15-May-2018",3.26,NaN,"-","-"
"16-May-2018",3.17,NaN,"-","-"
"17-May-2018",0,NaN,"-","-"
"18-May-2018",0,NaN,"-","-"
"19-May-2018",0.25,NaN,"-","-"
"20-May-2018",12.9,NaN,"-","-"
"21-May-2018",17.72,NaN,"-","-"
"22-May-2018",22.63,NaN,"-","-"
"23-May-2018",0.3,NaN,"-","-"
"24-May-2018",11.49,6.18,0,6.17985573720361
"25-May-2018",7.83,NaN,"-","-"
"26-May-2018",26.7,NaN,"-","-"
"27-May-2018",16.68,NaN,"-","-"
"28-May-2018",4.47,NaN,"-","-"
"29-May-2018",1.48,NaN,"-","-"
"30-May-2018",1.57,NaN,"-","-"
"31-May-2018",7.13,NaN,"-","-"
"01-Jun-2018",0.69,NaN,"-","-"
"02-Jun-2018",13.42,NaN,"-","-"
"03-Jun-2018",4.96,NaN,"-","-"
"04-Jun-2018",13.35,NaN,"-","-"
"05-Jun-2018",6.53,NaN,"-","-"
"06-Jun-2018",7.58,NaN,"-","-"
"07-Jun-2018",1.3,NaN,"-","-"
"08-Jun-2018",1.53,NaN,"-","-"
"09-Jun-2018",11.38,NaN,"-","-"
"10-Jun-2018",1.55,NaN,"-","-"
"11-Jun-2018",2.71,NaN,"-","-"
"12-Jun-2018",3.89,NaN,"-","-"
"13-Jun-2018",0.06,NaN,"-","-"
"14-Jun-2018",0.85,NaN,"-","-"
"15-Jun-2018",12.36,NaN,"-","-"
"16-Jun-2018",4.43,NaN,"-","-"
"17-Jun-2018",0.03,NaN,"-","-"
"18-Jun-2018",1.98,NaN,"-","-"
"19-Jun-2018",1.39,NaN,"-","-"
"20-Jun-2018",0.84,NaN,"-","-"
"21-Jun-2018",2.14,NaN,"-","-"
"22-Jun-2018",2.13,NaN,"-","-"
"23-Jun-2018",0.12,NaN,"-","-"
"24-Jun-2018",1.11,NaN,"-","-"
"25-Jun-2018",0.37,NaN,"-","-"
"26-Jun-2018",0.39,NaN,"-","-"
"27-Jun-2018",7.9,NaN,"-","-"
"28-Jun-2018",0.46,NaN,"-","-"
"29-Jun-2018",10.66,NaN,"-","-"
"30-Jun-2018",0.78,NaN,"-","-"
"01-Jul-2018",1.1,NaN,"-","-"
"02-Jul-2018",2.93,NaN,"-","-"
"03-Jul-2018",0.45,NaN,"-","-"
"04-Jul-2018",0.01,NaN,"-","-"
"05-Jul-2018",0,NaN,"-","-"
"06-Jul-2018",0,NaN,"-","-"
"07-Jul-2018",12.45,NaN,"-","-"
"08-Jul-2018",0.81,NaN,"-","-"
"09-Jul-2018",0.6,NaN,"-","-"
"10-Jul-2018",10.37,NaN,"-","-"
"11-Jul-2018",26.94,NaN,"-","-"
"12-Jul-2018",30.66,NaN,"-","-"
"13-Jul-2018",21.26,NaN,"-","-"
"14-Jul-2018",9.23,NaN,"-","-"
"15-Jul-2018",2.42,NaN,"-","-"
"16-Jul-2018",2.28,NaN,"-","-"
"17-Jul-2018",11.42,NaN,"-","-"
"18-Jul-2018",0,NaN,"-","-"
"19-Jul-2018",0.77,NaN,"-","-"
"20-Jul-2018",1.04,NaN,"-","-"
"21-Jul-2018",12.16,NaN,"-","-"
"22-Jul-2018",21.53,NaN,"-","-"
"23-Jul-2018",0.61,NaN,"-","-"
"24-Jul-2018",1,NaN,"-","-"
"25-Jul-2018",0.71,NaN,"-","-"
"26-Jul-2018",1.12,NaN,"-","-"
"27-Jul-2018",0.7,NaN,"-","-"
"28-Jul-2018",1.42,NaN,"-","-"
"29-Jul-2018",3.74,NaN,"-","-"
"30-Jul-2018",0.08,NaN,"-","-"
"31-Jul-2018",4.33,NaN,"-","-"
"01-Aug-2018",4.51,NaN,"-","-"
"02-Aug-2018",0.18,NaN,"-","-"
"03-Aug-2018",0.39,NaN,"-","-"
"04-Aug-2018",4.21,NaN,"-","-"
"05-Aug-2018",1.11,NaN,"-","-"
"06-Aug-2018",0.16,NaN,"-","-"
"07-Aug-2018",3.11,NaN,"-","-"
"08-Aug-2018",2.77,NaN,"-","-"
"09-Aug-2018",16.23,NaN,"-","-"
"10-Aug-2018",3.7,NaN,"-","-"
"11-Aug-2018",0.35,NaN,"-","-"
"12-Aug-2018",2.99,NaN,"-","-"
"13-Aug-2018",4.51,NaN,"-","-"
"14-Aug-2018",2.72,NaN,"-","-"
"15-Aug-2018",5.55,NaN,"-","-"
"16-Aug-2018",1.54,NaN,"-","-"
"17-Aug-2018",4.05,NaN,"-","-"
"18-Aug-2018",1.03,NaN,"-","-"
"19-Aug-2018",1.88,6.09,0,6.088235944200144
"20-Aug-2018",5.98,NaN,"-","-"
"21-Aug-2018",11.2,NaN,"-","-"
"22-Aug-2018",0.08,NaN,"-","-"
"23-Aug-2018",3.62,NaN,"-","-"
"24-Aug-2018",3.48,6.39,7.90225188278015,2.3436925002886393
"25-Aug-2018",1.08,NaN,"-","-"
"26-Aug-2018",0.28,NaN,"-","-"
"27-Aug-2018",3.27,NaN,"-","-"
"28-Aug-2018",9.03,NaN,"-","-"
"29-Aug-2018",1.17,NaN,"-","-"
"30-Aug-2018",7.62,NaN,"-","-"
"31-Aug-2018",10.94,NaN,"-","-"
"01-Sep-2018",7.06,NaN,"-","-"
"02-Sep-2018",2.85,NaN,"-","-"
"03-Sep-2018",0.64,NaN,"-","-"
"04-Sep-2018",0,NaN,"-","-"
"05-Sep-2018",0,NaN,"-","-"
"06-Sep-2018",0,NaN,"-","-"
"07-Sep-2018",0,NaN,"-","-"
"08-Sep-2018",0.07,NaN,"-","-"
"09-Sep-2018",0.31,NaN,"-","-"
"10-Sep-2018",0.07,NaN,"-","-"
"11-Sep-2018",7.28,NaN,"-","-"
"12-Sep-2018",19.69,NaN,"-","-"
"13-Sep-2018",0.22,NaN,"-","-"
"14-Sep-2018",0.6,NaN,"-","-"
"15-Sep-2018",7.58,NaN,"-","-"
"16-Sep-2018",2.48,NaN,"-","-"
"17-Sep-2018",8.52,NaN,"-","-"
"18-Sep-2018",1.39,NaN,"-","-"
"19-Sep-2018",0.03,NaN,"-","-"
"20-Sep-2018",0,NaN,"-","-"
"21-Sep-2018",2.96,NaN,"-","-"
"22-Sep-2018",0,NaN,"-","-"
"23-Sep-2018",0.31,NaN,"-","-"
"24-Sep-2018",20.53,NaN,"-","-"
"25-Sep-2018",8.41,NaN,"-","-"
"26-Sep-2018",27.78,NaN,"-","-"
"27-Sep-2018",19.19,NaN,"-","-"
"28-Sep-2018",5.26,NaN,"-","-"
"29-Sep-2018",16.22,NaN,"-","-"
"30-Sep-2018",1.08,NaN,"-","-"
"01-Oct-2018",3.6,NaN,"-","-"
"02-Oct-2018",7.01,NaN,"-","-"
"03-Oct-2018",0.27,NaN,"-","-"
"04-Oct-2018",4.27,NaN,"-","-"
"05-Oct-2018",1.64,NaN,"-","-"
"06-Oct-2018",7.81,NaN,"-","-"
"07-Oct-2018",4.94,NaN,"-","-"
"08-Oct-2018",0.31,NaN,"-","-"
"09-Oct-2018",13.08,NaN,"-","-"
"10-Oct-2018",9.37,NaN,"-","-"
"11-Oct-2018",0,NaN,"-","-"
"12-Oct-2018",0,NaN,"-","-"
"13-Oct-2018",0,NaN,"-","-"
"14-Oct-2018",0,NaN,"-","-"
"15-Oct-2018",22.23,NaN,"-","-"
"16-Oct-2018",3.05,NaN,"-","-"
"17-Oct-2018",26.66,NaN,"-","-"
"18-Oct-2018",6.02,NaN,"-","-"
"19-Oct-2018",10.64,NaN,"-","-"
"20-Oct-2018",3.12,NaN,"-","-"
"21-Oct-2018",0,NaN,"-","-"
"22-Oct-2018",1.92,NaN,"-","-"
"23-Oct-2018",0,NaN,"-","-"
"24-Oct-2018",0,NaN,"-","-"
"25-Oct-2018",0,NaN,"-","-"
"26-Oct-2018",0,NaN,"-","-"
"27-Oct-2018",0,NaN,"-","-"
"28-Oct-2018",0,NaN,"-","-"
"29-Oct-2018",0,NaN,"-","-"
"30-Oct-2018",0,NaN,"-","-"
"31-Oct-2018",0,NaN,"-","-"
"01-Nov-2018",0.82,NaN,"-","-"
"02-Nov-2018",0,NaN,"-","-"
"03-Nov-2018",0.08,NaN,"-","-"
"04-Nov-2018",6.01,5.31,4.533329180425293,4.816315562557438
"05-Nov-2018",0.04,NaN,"-","-"
"06-Nov-2018",0,NaN,"-","-"
"07-Nov-2018",0,NaN,"-","-"
"08-Nov-2018",0,NaN,"-","-"
"09-Nov-2018",0,NaN,"-","-"
"10-Nov-2018",0,NaN,"-","-"
"11-Nov-2018",0,NaN,"-","-"
"12-Nov-2018",0,NaN,"-","-"
"13-Nov-2018",0,NaN,"-","-"
"14-Nov-2018",0,NaN,"-","-"
"15-Nov-2018",0,NaN,"-","-"
"16-Nov-2018",0,NaN,"-","-"
"17-Nov-2018",0,NaN,"-","-"
"18-Nov-2018",0,NaN,"-","-"
"19-Nov-2018",1.77,NaN,"-","-"
"20-Nov-2018",8.8,NaN,"-","-"
"21-Nov-2018",0,NaN,"-","-"
"22-Nov-2018",0.09,NaN,"-","-"
"23-Nov-2018",1.05,NaN,"-","-"
"24-Nov-2018",3.17,NaN,"-","-"
"25-Nov-2018",0,NaN,"-","-"
"26-Nov-2018",0,NaN,"-","-"
"27-Nov-2018",0,NaN,"-","-"
"28-Nov-2018",0,NaN,"-","-"
"29-Nov-2018",0,NaN,"-","-"
"30-Nov-2018",0.05,NaN,"-","-"
"01-Dec-2018",0,NaN,"-","-"
"02-Dec-2018",0,NaN,"-","-"
"03-Dec-2018",0,NaN,"-","-"
"04-Dec-2018",0,NaN,"-","-"
"05-Dec-2018",4.43,NaN,"-","-"
"06-Dec-2018",0,NaN,"-","-"
"07-Dec-2018",0.11,NaN,"-","-"
"08-Dec-2018",0,NaN,"-","-"
"09-Dec-2018",0,NaN,"-","-"
"10-Dec-2018",0,NaN,"-","-"
"11-Dec-2018",0,NaN,"-","-"
"12-Dec-2018",0,NaN,"-","-"
"13-Dec-2018",0,NaN,"-","-"
"14-Dec-2018",0,NaN,"-","-"
"15-Dec-2018",0,NaN,"-","-"
"16-Dec-2018",0,NaN,"-","-"
"17-Dec-2018",0,NaN,"-","-"
"18-Dec-2018",0,NaN,"-","-"
"19-Dec-2018",0,NaN,"-","-"
"20-Dec-2018",0,NaN,"-","-"
"21-Dec-2018",0,NaN,"-","-"
"22-Dec-2018",0,NaN,"-","-"
"23-Dec-2018",0,NaN,"-","-"
"24-Dec-2018",0,NaN,"-","-"
"25-Dec-2018",0,NaN,"-","-"
"26-Dec-2018",0,NaN,"-","-"
"27-Dec-2018",0,NaN,"-","-"
"28-Dec-2018",0,NaN,"-","-"
"29-Dec-2018",0,NaN,"-","-"
"30-Dec-2018",0,NaN,"-","-"
"31-Dec-2018",0,NaN,"-","-"
"01-Jan-2019",0,4.62,0,4.619164938394843
"02-Jan-2019",0,8.67,0,8.667239719090297
"03-Jan-2019",0,6.95,0,6.950243807315663
"04-Jan-2019",0,6.28,5.533158268215975,5.334545242296025
"05-Jan-2019",0,NaN,"-","-"
"06-Jan-2019",0,NaN,"-","-"
"07-Jan-2019",0,NaN,"-","-"
"08-Jan-2019",0,NaN,"-","-"
"09-Jan-2019",0,NaN,"-","-"
"10-Jan-2019",0,NaN,"-","-"
"11-Jan-2019",0,NaN,"-","-"
"12-Jan-2019",0,NaN,"-","-"
"13-Jan-2019",0,NaN,"-","-"
"14-Jan-2019",0,NaN,"-","-"
"15-Jan-2019",0,NaN,"-","-"
"16-Jan-2019",0,NaN,"-","-"
"17-Jan-2019",0,NaN,"-","-"
"18-Jan-2019",0,NaN,"-","-"
"19-Jan-2019",0,NaN,"-","-"
"20-Jan-2019",0,NaN,"-","-"
"21-Jan-2019",0,NaN,"-","-"
"22-Jan-2019",0,NaN,"-","-"
"23-Jan-2019",0,NaN,"-","-"
"24-Jan-2019",0,NaN,"-","-"
"25-Jan-2019",0,NaN,"-","-"
"26-Jan-2019",0,NaN,"-","-"
"27-Jan-2019",0,NaN,"-","-"
"28-Jan-2019",0,NaN,"-","-"
"29-Jan-2019",0.38,5.75,0,5.754024490456806
"30-Jan-2019",0,NaN,"-","-"
"31-Jan-2019",0,NaN,"-","-"
"01-Feb-2019",0,NaN,"-","-"
"02-Feb-2019",0,NaN,"-","-"
"03-Feb-2019",0,NaN,"-","-"
"04-Feb-2019",0,NaN,"-","-"
"05-Feb-2019",0,NaN,"-","-"
"06-Feb-2019",0,NaN,"-","-"
"07-Feb-2019",0,NaN,"-","-"
"08-Feb-2019",0.06,NaN,"-","-"
"09-Feb-2019",0,NaN,"-","-"
"10-Feb-2019",0,NaN,"-","-"
"11-Feb-2019",1.77,NaN,"-","-"
"12-Feb-2019",0,NaN,"-","-"
"13-Feb-2019",0,NaN,"-","-"
"14-Feb-2019",0,NaN,"-","-"
"15-Feb-2019",0,NaN,"-","-"
"16-Feb-2019",0,NaN,"-","-"
"17-Feb-2019",0,NaN,"-","-"
"18-Feb-2019",0,NaN,"-","-"
"19-Feb-2019",0,NaN,"-","-"
"20-Feb-2019",0,NaN,"-","-"
"21-Feb-2019",0,NaN,"-","-"
"22-Feb-2019",0,NaN,"-","-"
"23-Feb-2019",0,NaN,"-","-"
"24-Feb-2019",0,NaN,"-","-"
"25-Feb-2019",0,NaN,"-","-"
"26-Feb-2019",0,NaN,"-","-"
"27-Feb-2019",0,NaN,"-","-"
"28-Feb-2019",0,NaN,"-","-"
"01-Mar-2019",0,NaN,"-","-"
"02-Mar-2019",0,NaN,"-","-"
"03-Mar-2019",0.08,NaN,"-","-"
"04-Mar-2019",0,NaN,"-","-"
"05-Mar-2019",0.1,NaN,"-","-"
"06-Mar-2019",0,NaN,"-","-"
"07-Mar-2019",0,NaN,"-","-"
"08-Mar-2019",0,NaN,"-","-"
"09-Mar-2019",0.01,NaN,"-","-"
"10-Mar-2019",0,NaN,"-","-"
"11-Mar-2019",0.02,NaN,"-","-"
"12-Mar-2019",0,NaN,"-","-"
"13-Mar-2019",0,NaN,"-","-"
"14-Mar-2019",0,NaN,"-","-"
"15-Mar-2019",0,NaN,"-","-"
"16-Mar-2019",0,NaN,"-","-"
"17-Mar-2019",0,NaN,"-","-"
"18-Mar-2019",0,NaN,"-","-"
"19-Mar-2019",0,NaN,"-","-"
"20-Mar-2019",0,NaN,"-","-"
"21-Mar-2019",0,NaN,"-","-"
"22-Mar-2019",0,NaN,"-","-"
"23-Mar-2019",0,NaN,"-","-"
"24-Mar-2019",0,NaN,"-","-"
"25-Mar-2019",0,NaN,"-","-"
"26-Mar-2019",0,NaN,"-","-"
"27-Mar-2019",0,NaN,"-","-"
"28-Mar-2019",0,NaN,"-","-"
"29-Mar-2019",0,NaN,"-","-"
"30-Mar-2019",0,NaN,"-","-"
"31-Mar-2019",0,NaN,"-","-"
"01-Apr-2019",0,NaN,"-","-"
"02-Apr-2019",0.13,NaN,"-","-"
"03-Apr-2019",0.07,NaN,"-","-"
"04-Apr-2019",0,NaN,"-","-"
"05-Apr-2019",0,NaN,"-","-"
"06-Apr-2019",0,NaN,"-","-"
"07-Apr-2019",0,NaN,"-","-"
"08-Apr-2019",0,NaN,"-","-"
"09-Apr-2019",4.09,NaN,"-","-"
"10-Apr-2019",0.73,NaN,"-","-"
"11-Apr-2019",1.7,NaN,"-","-"
"12-Apr-2019",0.14,NaN,"-","-"
"13-Apr-2019",0,NaN,"-","-"
"14-Apr-2019",0,NaN,"-","-"
"15-Apr-2019",0,NaN,"-","-"
"16-Apr-2019",0,NaN,"-","-"
"17-Apr-2019",0,NaN,"-","-"
"18-Apr-2019",2.66,NaN,"-","-"
"19-Apr-2019",16,NaN,"-","-"
"20-Apr-2019",0.53,NaN,"-","-"
"21-Apr-2019",11.53,NaN,"-","-"
"22-Apr-2019",0,NaN,"-","-"
"23-Apr-2019",1.07,NaN,"-","-"
"24-Apr-2019",1.21,NaN,"-","-"
"25-Apr-2019",0,NaN,"-","-"
"26-Apr-2019",0,NaN,"-","-"
"27-Apr-2019",0,NaN,"-","-"
"28-Apr-2019",0.63,NaN,"-","-"
"29-Apr-2019",0,NaN,"-","-"
"30-Apr-2019",2.71,7.11,0,7.110742744590532
"01-May-2019",18.2,11.1,0,11.104760225811647
"02-May-2019",0,NaN,"-","-"
"03-May-2019",0,NaN,"-","-"
"04-May-2019",0,NaN,"-","-"
"05-May-2019",0,NaN,"-","-"
"06-May-2019",0.09,NaN,"-","-"
"07-May-2019",4.24,NaN,"-","-"
"08-May-2019",8.98,NaN,"-","-"
"09-May-2019",9.06,NaN,"-","-"
"10-May-2019",0,NaN,"-","-"
"11-May-2019",0.63,NaN,"-","-"
"12-May-2019",3.99,NaN,"-","-"
"13-May-2019",4.24,NaN,"-","-"
"14-May-2019",17.05,NaN,"-","-"
"15-May-2019",2.04,NaN,"-","-"
"16-May-2019",9.1,NaN,"-","-"
"17-May-2019",2.62,NaN,"-","-"
"18-May-2019",8.51,NaN,"-","-"
"19-May-2019",0.04,NaN,"-","-"
"20-May-2019",0,NaN,"-","-"
"21-May-2019",0.97,NaN,"-","-"
"22-May-2019",2.21,NaN,"-","-"
"23-May-2019",5.3,NaN,"-","-"
"24-May-2019",1.93,NaN,"-","-"
"25-May-2019",11.64,NaN,"-","-"
"26-May-2019",17.3,9.93,0,9.925195701228441
"27-May-2019",3.06,15.91,0,15.909581594342297
"28-May-2019",0,NaN,"-","-"
"29-May-2019",20.36,NaN,"-","-"
"30-May-2019",8.91,NaN,"-","-"
"31-May-2019",15,NaN,"-","-"
"01-Jun-2019",26.26,NaN,"-","-"
"02-Jun-2019",0,NaN,"-","-"
"03-Jun-2019",15.96,NaN,"-","-"
"04-Jun-2019",0,NaN,"-","-"
"05-Jun-2019",0.92,NaN,"-","-"
"06-Jun-2019",18.23,NaN,"-","-"
"07-Jun-2019",3.77,NaN,"-","-"
"08-Jun-2019",1.07,NaN,"-","-"
"09-Jun-2019",0.33,NaN,"-","-"
"10-Jun-2019",3.53,NaN,"-","-"
"11-Jun-2019",0.58,NaN,"-","-"
"12-Jun-2019",1.76,NaN,"-","-"
"13-Jun-2019",4.25,NaN,"-","-"
"14-Jun-2019",0.49,NaN,"-","-"
"15-Jun-2019",0.91,NaN,"-","-"
"16-Jun-2019",0.99,NaN,"-","-"
"17-Jun-2019",0,NaN,"-","-"
"18-Jun-2019",0,NaN,"-","-"
"19-Jun-2019",0.15,NaN,"-","-"
"20-Jun-2019",1.75,NaN,"-","-"
"21-Jun-2019",0,NaN,"-","-"
"22-Jun-2019",1.32,NaN,"-","-"
"23-Jun-2019",1.08,NaN,"-","-"
"24-Jun-2019",6.58,NaN,"-","-"
"25-Jun-2019",0.46,NaN,"-","-"
"26-Jun-2019",1.25,NaN,"-","-"
"27-Jun-2019",2.27,NaN,"-","-"
"28-Jun-2019",4.42,NaN,"-","-"
"29-Jun-2019",1.18,NaN,"-","-"
"30-Jun-2019",11.22,NaN,"-","-"
"01-Jul-2019",4.37,NaN,"-","-"
"02-Jul-2019",6.2,NaN,"-","-"
"03-Jul-2019",7.66,NaN,"-","-"
"04-Jul-2019",1.31,NaN,"-","-"
"05-Jul-2019",0.64,NaN,"-","-"
"06-Jul-2019",7.62,NaN,"-","-"
"07-Jul-2019",7.28,NaN,"-","-"
"08-Jul-2019",4.56,NaN,"-","-"
"09-Jul-2019",0.02,NaN,"-","-"
"10-Jul-2019",8.56,NaN,"-","-"
"11-Jul-2019",5.24,NaN,"-","-"
"12-Jul-2019",3.15,NaN,"-","-"
"13-Jul-2019",1.07,NaN,"-","-"
"14-Jul-2019",2.69,NaN,"-","-"
"15-Jul-2019",7.11,NaN,"-","-"
"16-Jul-2019",5.89,NaN,"-","-"
"17-Jul-2019",5.6,NaN,"-","-"
"18-Jul-2019",2.64,NaN,"-","-"
"19-Jul-2019",9.66,NaN,"-","-"
"20-Jul-2019",11.05,NaN,"-","-"
"21-Jul-2019",0.23,NaN,"-","-"
"22-Jul-2019",1.56,NaN,"-","-"
"23-Jul-2019",3.34,NaN,"-","-"
"24-Jul-2019",1.83,NaN,"-","-"
"25-Jul-2019",1.34,NaN,"-","-"
"26-Jul-2019",4.18,NaN,"-","-"
"27-Jul-2019",1.51,NaN,"-","-"
"28-Jul-2019",0.07,NaN,"-","-"
"29-Jul-2019",6,NaN,"-","-"
"30-Jul-2019",3.47,NaN,"-","-"
"31-Jul-2019",1.37,NaN,"-","-"
"01-Aug-2019",0.69,NaN,"-","-"
"02-Aug-2019",2.6,NaN,"-","-"
"03-Aug-2019",0,NaN,"-","-"
"04-Aug-2019",0.11,NaN,"-","-"
"05-Aug-2019",6.79,NaN,"-","-"
"06-Aug-2019",23.85,7.47,0,7.470740496230908
"07-Aug-2019",22.75,8.91,0,8.907929617584315
"08-Aug-2019",24.13,NaN,"-","-"
"09-Aug-2019",46.79,NaN,"-","-"
"10-Aug-2019",9.35,6.95,0,6.95150080104356
"11-Aug-2019",1.25,NaN,"-","-"
"12-Aug-2019",3.68,NaN,"-","-"
"13-Aug-2019",6.53,NaN,"-","-"
"14-Aug-2019",1.1,NaN,"-","-"
"15-Aug-2019",14.55,NaN,"-","-"
"16-Aug-2019",0.72,NaN,"-","-"
"17-Aug-2019",25.1,8.6,0,8.604781543039204
"18-Aug-2019",3.95,6.35,0,6.351636450248003
"19-Aug-2019",14.64,7.41,6.088235944200144,8.740308752973334
"20-Aug-2019",13.49,NaN,"-","-"
"21-Aug-2019",16.81,NaN,"-","-"
"22-Aug-2019",13.29,NaN,"-","-"
"23-Aug-2019",3.11,NaN,"-","-"
"24-Aug-2019",6.92,NaN,"-","-"
"25-Aug-2019",0.73,NaN,"-","-"
"26-Aug-2019",3.06,NaN,"-","-"
"27-Aug-2019",0.66,NaN,"-","-"
"28-Aug-2019",0.12,NaN,"-","-"
"29-Aug-2019",1.07,NaN,"-","-"
"30-Aug-2019",2.19,NaN,"-","-"
"31-Aug-2019",0.49,NaN,"-","-"
"01-Sep-2019",0.01,NaN,"-","-"
"02-Sep-2019",0.41,NaN,"-","-"
"03-Sep-2019",2.66,NaN,"-","-"
"04-Sep-2019",10.79,NaN,"-","-"
"05-Sep-2019",9.95,NaN,"-","-"
"06-Sep-2019",10.77,NaN,"-","-"
"07-Sep-2019",6.77,NaN,"-","-"
"08-Sep-2019",10.85,NaN,"-","-"
"09-Sep-2019",12.79,NaN,"-","-"
"10-Sep-2019",2,NaN,"-","-"
"11-Sep-2019",4.37,NaN,"-","-"
"12-Sep-2019",0.81,NaN,"-","-"
"13-Sep-2019",2.14,NaN,"-","-"
"14-Sep-2019",1.05,NaN,"-","-"
"15-Sep-2019",1.2,NaN,"-","-"
"16-Sep-2019",0.67,NaN,"-","-"
"17-Sep-2019",13.15,NaN,"-","-"
"18-Sep-2019",6.98,NaN,"-","-"
"19-Sep-2019",0.49,NaN,"-","-"
"20-Sep-2019",0.26,NaN,"-","-"
"21-Sep-2019",0.27,NaN,"-","-"
"22-Sep-2019",0.29,NaN,"-","-"
"23-Sep-2019",40.06,NaN,"-","-"
"24-Sep-2019",55.41,NaN,"-","-"
"25-Sep-2019",1.58,NaN,"-","-"
"26-Sep-2019",9.49,NaN,"-","-"
"27-Sep-2019",1.22,NaN,"-","-"
"28-Sep-2019",4.26,NaN,"-","-"
"29-Sep-2019",0.21,NaN,"-","-"
"30-Sep-2019",0.95,NaN,"-","-"
"01-Oct-2019",0.03,NaN,"-","-"
"02-Oct-2019",22.55,NaN,"-","-"
"03-Oct-2019",22.93,NaN,"-","-"
"04-Oct-2019",5.15,NaN,"-","-"
"05-Oct-2019",7.9,NaN,"-","-"
"06-Oct-2019",7.34,NaN,"-","-"
"07-Oct-2019",17.49,NaN,"-","-"
"08-Oct-2019",36.01,NaN,"-","-"
"09-Oct-2019",1.1,NaN,"-","-"
"10-Oct-2019",2.87,NaN,"-","-"
"11-Oct-2019",3.39,NaN,"-","-"
"12-Oct-2019",8,NaN,"-","-"
"13-Oct-2019",0.95,NaN,"-","-"
"14-Oct-2019",6.8,NaN,"-","-"
"15-Oct-2019",0,NaN,"-","-"
"16-Oct-2019",30.72,NaN,"-","-"
"17-Oct-2019",2.09,NaN,"-","-"
"18-Oct-2019",6.3,NaN,"-","-"
"19-Oct-2019",7.58,NaN,"-","-"
"20-Oct-2019",1.57,NaN,"-","-"
"21-Oct-2019",8.89,NaN,"-","-"
"22-Oct-2019",30.44,NaN,"-","-"
"23-Oct-2019",8.5,NaN,"-","-"
"24-Oct-2019",1.62,NaN,"-","-"
"25-Oct-2019",1.45,NaN,"-","-"
"26-Oct-2019",4.03,NaN,"-","-"
"27-Oct-2019",0.54,NaN,"-","-"
"28-Oct-2019",12.82,NaN,"-","-"
"29-Oct-2019",0.16,NaN,"-","-"
"30-Oct-2019",4.57,NaN,"-","-"
"31-Oct-2019",7.92,NaN,"-","-"
"01-Nov-2019",2.77,NaN,"-","-"
"02-Nov-2019",0,NaN,"-","-"
"03-Nov-2019",0.01,NaN,"-","-"
"04-Nov-2019",0,NaN,"-","-"
"05-Nov-2019",7.49,NaN,"-","-"
"06-Nov-2019",0,NaN,"-","-"
"07-Nov-2019",0.01,NaN,"-","-"
"08-Nov-2019",4.67,NaN,"-","-"
"09-Nov-2019",44.04,NaN,"-","-"
"10-Nov-2019",6.58,NaN,"-","-"
"11-Nov-2019",2.21,NaN,"-","-"
"12-Nov-2019",0,NaN,"-","-"
"13-Nov-2019",0,NaN,"-","-"
"14-Nov-2019",0,NaN,"-","-"
"15-Nov-2019",0.36,NaN,"-","-"
"16-Nov-2019",1.74,NaN,"-","-"
"17-Nov-2019",0.06,NaN,"-","-"
"18-Nov-2019",0,NaN,"-","-"
"19-Nov-2019",0,NaN,"-","-"
"20-Nov-2019",0,NaN,"-","-"
"21-Nov-2019",4.89,NaN,"-","-"
"22-Nov-2019",0,5.62,0,5.617431903187373
"23-Nov-2019",0.06,7.33,0,7.3325333786258255
"24-Nov-2019",0,NaN,"-","-"
"25-Nov-2019",0,NaN,"-","-"
"26-Nov-2019",0,4.81,0,4.808912929242253
"27-Nov-2019",0.27,1.66,0,1.6600904314322555
"28-Nov-2019",0.01,NaN,"-","-"
"29-Nov-2019",0,3.45,0,3.446434407753204
"30-Nov-2019",0.01,NaN,"-","-"
"01-Dec-2019",0.3,NaN,"-","-"
"02-Dec-2019",4.45,NaN,"-","-"
"03-Dec-2019",0.86,NaN,"-","-"
"04-Dec-2019",0.4,NaN,"-","-"
"05-Dec-2019",0,NaN,"-","-"
"06-Dec-2019",0,NaN,"-","-"
"07-Dec-2019",0,NaN,"-","-"
"08-Dec-2019",0.03,NaN,"-","-"
"09-Dec-2019",0,NaN,"-","-"
"10-Dec-2019",0,NaN,"-","-"
"11-Dec-2019",0,NaN,"-","-"
"12-Dec-2019",0,NaN,"-","-"
"13-Dec-2019",0,NaN,"-","-"
"14-Dec-2019",0,NaN,"-","-"
"15-Dec-2019",1.48,NaN,"-","-"
"16-Dec-2019",0,NaN,"-","-"
"17-Dec-2019",0,NaN,"-","-"
"18-Dec-2019",0,NaN,"-","-"
"19-Dec-2019",0,NaN,"-","-"
"20-Dec-2019",0,NaN,"-","-"
"21-Dec-2019",0,NaN,"-","-"
"22-Dec-2019",0,NaN,"-","-"
"23-Dec-2019",0,NaN,"-","-"
"24-Dec-2019",0,NaN,"-","-"
"25-Dec-2019",0,NaN,"-","-"
"26-Dec-2019",0,NaN,"-","-"
"27-Dec-2019",0,NaN,"-","-"
"28-Dec-2019",0,NaN,"-","-"
"29-Dec-2019",0,NaN,"-","-"
"30-Dec-2019",0,NaN,"-","-"
"31-Dec-2019",0,NaN,"-","-"
"01-Jan-2020",0,NaN,"-","-"
"02-Jan-2020",0,NaN,"-","-"
"03-Jan-2020",0,NaN,"-","-"
"04-Jan-2020",0,NaN,"-","-"
"05-Jan-2020",0,NaN,"-","-"
"06-Jan-2020",0.02,NaN,"-","-"
"07-Jan-2020",0,NaN,"-","-"
"08-Jan-2020",0,NaN,"-","-"
"09-Jan-2020",0,NaN,"-","-"
"10-Jan-2020",0,NaN,"-","-"
"11-Jan-2020",0,NaN,"-","-"
"12-Jan-2020",0,NaN,"-","-"
"13-Jan-2020",0,NaN,"-","-"
"14-Jan-2020",0,NaN,"-","-"
"15-Jan-2020",0,NaN,"-","-"
"16-Jan-2020",0,NaN,"-","-"
"17-Jan-2020",0,NaN,"-","-"
"18-Jan-2020",0,NaN,"-","-"
"19-Jan-2020",0,NaN,"-","-"
"20-Jan-2020",0,NaN,"-","-"
"21-Jan-2020",0,NaN,"-","-"
"22-Jan-2020",0,NaN,"-","-"
"23-Jan-2020",0,5.77,0,5.7691437700938755
"24-Jan-2020",0,NaN,"-","-"
"25-Jan-2020",0,NaN,"-","-"
"26-Jan-2020",0,NaN,"-","-"
"27-Jan-2020",0,NaN,"-","-"
"28-Jan-2020",0,NaN,"-","-"
"29-Jan-2020",0,NaN,"-","-"
"30-Jan-2020",0,NaN,"-","-"
"31-Jan-2020",0,NaN,"-","-"
"01-Feb-2020",0,NaN,"-","-"
"02-Feb-2020",0,NaN,"-","-"
"03-Feb-2020",0,NaN,"-","-"
"04-Feb-2020",0,NaN,"-","-"
"05-Feb-2020",0,NaN,"-","-"
"06-Feb-2020",0,NaN,"-","-"
"07-Feb-2020",0,NaN,"-","-"
"08-Feb-2020",0,NaN,"-","-"
"09-Feb-2020",0,NaN,"-","-"
"10-Feb-2020",0,NaN,"-","-"
"11-Feb-2020",0,NaN,"-","-"
"12-Feb-2020",0,NaN,"-","-"
"13-Feb-2020",0,NaN,"-","-"
"14-Feb-2020",0,NaN,"-","-"
"15-Feb-2020",0,NaN,"-","-"
"16-Feb-2020",0,NaN,"-","-"
"17-Feb-2020",0,NaN,"-","-"
"18-Feb-2020",0,NaN,"-","-"
"19-Feb-2020",0,NaN,"-","-"
"20-Feb-2020",0,NaN,"-","-"
"21-Feb-2020",0,NaN,"-","-"
"22-Feb-2020",0,NaN,"-","-"
"23-Feb-2020",0,NaN,"-","-"
"24-Feb-2020",0,NaN,"-","-"
"25-Feb-2020",0,NaN,"-","-"
"26-Feb-2020",0,NaN,"-","-"
"27-Feb-2020",0,NaN,"-","-"
"28-Feb-2020",0,NaN,"-","-"
"29-Feb-2020",0,NaN,"-","-"
"01-Mar-2020",0.24,NaN,"-","-"
"02-Mar-2020",6.24,NaN,"-","-"
"03-Mar-2020",0.24,NaN,"-","-"
"04-Mar-2020",0.03,NaN,"-","-"
"05-Mar-2020",0.02,NaN,"-","-"
"06-Mar-2020",0,NaN,"-","-"
"07-Mar-2020",0.04,NaN,"-","-"
"08-Mar-2020",0,NaN,"-","-"
"09-Mar-2020",0,NaN,"-","-"
"10-Mar-2020",0,NaN,"-","-"
"11-Mar-2020",0,NaN,"-","-"
"12-Mar-2020",0,NaN,"-","-"
"13-Mar-2020",0,NaN,"-","-"
"14-Mar-2020",0,NaN,"-","-"
"15-Mar-2020",0,NaN,"-","-"
"16-Mar-2020",0,NaN,"-","-"
"17-Mar-2020",0,NaN,"-","-"
"18-Mar-2020",0,NaN,"-","-"
"19-Mar-2020",0,NaN,"-","-"
"20-Mar-2020",0.07,NaN,"-","-"
"21-Mar-2020",3.11,NaN,"-","-"
"22-Mar-2020",0,NaN,"-","-"
"23-Mar-2020",0,NaN,"-","-"
"24-Mar-2020",2.7,NaN,"-","-"
"25-Mar-2020",0.05,NaN,"-","-"
"26-Mar-2020",0,NaN,"-","-"
"27-Mar-2020",0,NaN,"-","-"
"28-Mar-2020",0,NaN,"-","-"
"29-Mar-2020",0,NaN,"-","-"
"30-Mar-2020",0,NaN,"-","-"
"31-Mar-2020",0,NaN,"-","-"
"01-Apr-2020",0,NaN,"-","-"
"02-Apr-2020",0,NaN,"-","-"
"03-Apr-2020",0,NaN,"-","-"
"04-Apr-2020",0,NaN,"-","-"
"05-Apr-2020",0,NaN,"-","-"
"06-Apr-2020",2.15,NaN,"-","-"
"07-Apr-2020",16.44,NaN,"-","-"
"08-Apr-2020",0.81,NaN,"-","-"
"09-Apr-2020",1.33,NaN,"-","-"
"10-Apr-2020",15.48,NaN,"-","-"
"11-Apr-2020",2.13,NaN,"-","-"
"12-Apr-2020",0,NaN,"-","-"
"13-Apr-2020",0,NaN,"-","-"
"14-Apr-2020",0,NaN,"-","-"
"15-Apr-2020",0,NaN,"-","-"
"16-Apr-2020",0,NaN,"-","-"
"17-Apr-2020",0,NaN,"-","-"
"18-Apr-2020",0.01,NaN,"-","-"
"19-Apr-2020",4.51,NaN,"-","-"
"20-Apr-2020",0,NaN,"-","-"
"21-Apr-2020",0,NaN,"-","-"
"22-Apr-2020",0,NaN,"-","-"
"23-Apr-2020",4.68,NaN,"-","-"
"24-Apr-2020",11.81,NaN,"-","-"
"25-Apr-2020",0.01,NaN,"-","-"
"26-Apr-2020",0.43,NaN,"-","-"
"27-Apr-2020",0.06,NaN,"-","-"
"28-Apr-2020",1,NaN,"-","-"
"29-Apr-2020",25.77,NaN,"-","-"
"30-Apr-2020",3.78,NaN,"-","-"
"01-May-2020",0.5,NaN,"-","-"
"02-May-2020",3.36,NaN,"-","-"
"03-May-2020",9.89,NaN,"-","-"
"04-May-2020",2.06,NaN,"-","-"
"05-May-2020",1,NaN,"-","-"
"06-May-2020",0.06,NaN,"-","-"
"07-May-2020",0,NaN,"-","-"
"08-May-2020",10.3,NaN,"-","-"
"09-May-2020",5.01,NaN,"-","-"
"13-May-2020",0,NaN,"-","-"
"14-May-2020",1.82,NaN,"-","-"
"15-May-2020",0.14,NaN,"-","-"
"16-May-2020",0.88,NaN,"-","-"
"17-May-2020",0.26,NaN,"-","-"
"18-May-2020",30.4,NaN,"-","-"
"19-May-2020",0,NaN,"-","-"
"20-May-2020",0.17,NaN,"-","-"
"21-May-2020",0,NaN,"-","-"
"22-May-2020",1.22,NaN,"-","-"
"23-May-2020",18.36,NaN,"-","-"
"24-May-2020",1.57,NaN,"-","-"
"25-May-2020",20.35,NaN,"-","-"
"26-May-2020",8.26,NaN,"-","-"
"27-May-2020",6.78,NaN,"-","-"
"28-May-2020",9.81,NaN,"-","-"
"29-May-2020",9.74,NaN,"-","-"
"30-May-2020",14.81,NaN,"-","-"
"31-May-2020",2.85,NaN,"-","-"
"01-Jun-2020",1.34,NaN,"-","-"
"02-Jun-2020",4.38,NaN,"-","-"
"03-Jun-2020",0.02,NaN,"-","-"
"04-Jun-2020",0.15,NaN,"-","-"
"05-Jun-2020",0.53,NaN,"-","-"
"06-Jun-2020",1.14,NaN,"-","-"
"07-Jun-2020",15.16,NaN,"-","-"
"08-Jun-2020",3.6,NaN,"-","-"
"09-Jun-2020",6.09,NaN,"-","-"
"10-Jun-2020",0.94,NaN,"-","-"
"11-Jun-2020",10.62,NaN,"-","-"
"12-Jun-2020",4.97,NaN,"-","-"
"13-Jun-2020",0.1,NaN,"-","-"
"14-Jun-2020",1.72,NaN,"-","-"
"15-Jun-2020",0.73,NaN,"-","-"
"16-Jun-2020",0.17,NaN,"-","-"
"17-Jun-2020",0.25,NaN,"-","-"
"18-Jun-2020",2.19,NaN,"-","-"
"19-Jun-2020",0.62,NaN,"-","-"
"20-Jun-2020",0.37,NaN,"-","-"
"21-Jun-2020",0.87,NaN,"-","-"
"22-Jun-2020",3.31,NaN,"-","-"
"23-Jun-2020",0.63,NaN,"-","-"
"24-Jun-2020",1.48,NaN,"-","-"
"25-Jun-2020",10.15,NaN,"-","-"
"26-Jun-2020",23.13,NaN,"-","-"
"27-Jun-2020",3.85,NaN,"-","-"
"28-Jun-2020",0.47,NaN,"-","-"
"29-Jun-2020",5.03,NaN,"-","-"
"30-Jun-2020",12.11,NaN,"-","-"
"01-Jul-2020",0.28,NaN,"-","-"
"02-Jul-2020",0,NaN,"-","-"
"03-Jul-2020",7.13,NaN,"-","-"
"04-Jul-2020",12.11,NaN,"-","-"
"05-Jul-2020",0.23,NaN,"-","-"
"06-Jul-2020",5.29,NaN,"-","-"
"07-Jul-2020",0.75,NaN,"-","-"
"08-Jul-2020",5.84,NaN,"-","-"
"09-Jul-2020",18.31,NaN,"-","-"
"10-Jul-2020",7.86,NaN,"-","-"
"11-Jul-2020",0.11,NaN,"-","-"
"12-Jul-2020",0.03,NaN,"-","-"
"13-Jul-2020",0.15,NaN,"-","-"
"29-Jul-2020",16.32,NaN,"-","-"
"30-Jul-2020",2.2,NaN,"-","-"
"31-Jul-2020",1.56,NaN,"-","-"
"01-Aug-2020",2.38,NaN,"-","-"
"02-Aug-2020",1.87,NaN,"-","-"
"03-Aug-2020",5.87,NaN,"-","-"
"04-Aug-2020",10.31,NaN,"-","-"
"05-Aug-2020",15.15,NaN,"-","-"
"06-Aug-2020",15.13,NaN,"-","-"
"07-Aug-2020",14.94,NaN,"-","-"
"08-Aug-2020",12.13,NaN,"-","-"
"09-Aug-2020",11.21,NaN,"-","-"
"10-Aug-2020",14.67,NaN,"-","-"
"11-Aug-2020",3.02,NaN,"-","-"
"12-Aug-2020",5.88,NaN,"-","-"
"13-Aug-2020",1.09,NaN,"-","-"
"14-Aug-2020",0.63,NaN,"-","-"
"15-Aug-2020",0.79,NaN,"-","-"
"16-Aug-2020",0.46,NaN,"-","-"
"17-Aug-2020",11.39,NaN,"-","-"
"18-Aug-2020",12.16,NaN,"-","-"
"19-Aug-2020",0.48,NaN,"-","-"
"20-Aug-2020",0.53,NaN,"-","-"
"21-Aug-2020",0.57,NaN,"-","-"
"22-Aug-2020",0,NaN,"-","-"
"23-Aug-2020",2.45,NaN,"-","-"
"24-Aug-2020",2.25,NaN,"-","-"
"25-Aug-2020",4.01,NaN,"-","-"
"26-Aug-2020",0,NaN,"-","-"
"27-Aug-2020",0,NaN,"-","-"
"28-Aug-2020",0,NaN,"-","-"
"29-Aug-2020",0,NaN,"-","-"
"30-Aug-2020",0.04,NaN,"-","-"
"31-Aug-2020",6.6,NaN,"-","-"
"01-Sep-2020",31.39,NaN,"-","-"
"02-Sep-2020",18.89,NaN,"-","-"
"03-Sep-2020",26.24,NaN,"-","-"
"04-Sep-2020",5.09,NaN,"-","-"
"05-Sep-2020",4.66,NaN,"-","-"
"06-Sep-2020",1.71,NaN,"-","-"
"07-Sep-2020",5.54,NaN,"-","-"
"08-Sep-2020",2.5,NaN,"-","-"
"09-Sep-2020",3.29,NaN,"-","-"
"10-Sep-2020",17.84,NaN,"-","-"
"11-Sep-2020",1.86,NaN,"-","-"
"12-Sep-2020",2.35,NaN,"-","-"
"13-Sep-2020",6.56,NaN,"-","-"
"14-Sep-2020",4.6,NaN,"-","-"
"15-Sep-2020",0.37,NaN,"-","-"
"16-Sep-2020",0.66,NaN,"-","-"
"17-Sep-2020",0.24,NaN,"-","-"
"18-Sep-2020",2.88,NaN,"-","-"
"19-Sep-2020",0.71,NaN,"-","-"
"20-Sep-2020",14.78,NaN,"-","-"
"21-Sep-2020",11,NaN,"-","-"
"22-Sep-2020",2.46,NaN,"-","-"
"23-Sep-2020",2.42,NaN,"-","-"
"24-Sep-2020",0.1,NaN,"-","-"
"25-Sep-2020",0.13,NaN,"-","-"
"26-Sep-2020",1.08,NaN,"-","-"
"27-Sep-2020",0.27,NaN,"-","-"
"28-Sep-2020",0.89,NaN,"-","-"
"29-Sep-2020",3.84,NaN,"-","-"
"30-Sep-2020",29.49,NaN,"-","-"
"01-Oct-2020",5.74,NaN,"-","-"
"02-Oct-2020",0,NaN,"-","-"
"03-Oct-2020",4.81,NaN,"-","-"
"04-Oct-2020",8.51,NaN,"-","-"
"05-Oct-2020",0.37,NaN,"-","-"
"06-Oct-2020",3.21,NaN,"-","-"
"07-Oct-2020",9.32,NaN,"-","-"
"08-Oct-2020",2.14,NaN,"-","-"
"09-Oct-2020",23.76,NaN,"-","-"
"10-Oct-2020",26.68,NaN,"-","-"
"11-Oct-2020",8.97,NaN,"-","-"
"12-Oct-2020",0.87,NaN,"-","-"
"13-Oct-2020",1.21,NaN,"-","-"
"14-Oct-2020",9.26,NaN,"-","-"
"15-Oct-2020",0.92,NaN,"-","-"
"16-Oct-2020",0.47,NaN,"-","-"
"17-Oct-2020",0,NaN,"-","-"
"18-Oct-2020",0.19,NaN,"-","-"
"19-Oct-2020",7.2,NaN,"-","-"
"20-Oct-2020",6.13,NaN,"-","-"
"21-Oct-2020",19.48,NaN,"-","-"
"22-Oct-2020",13.09,NaN,"-","-"
"23-Oct-2020",2.17,NaN,"-","-"
"24-Oct-2020",9.91,NaN,"-","-"
"25-Oct-2020",1.36,NaN,"-","-"
"26-Oct-2020",1.1,NaN,"-","-"
"27-Oct-2020",0,NaN,"-","-"
"28-Oct-2020",0,NaN,"-","-"
"29-Oct-2020",0,NaN,"-","-"
"30-Oct-2020",0,NaN,"-","-"
"31-Oct-2020",0,NaN,"-","-"
"01-Nov-2020",0.48,NaN,"-","-"
"02-Nov-2020",0.06,NaN,"-","-"
"03-Nov-2020",1.21,NaN,"-","-"
"04-Nov-2020",0,NaN,"-","-"
"05-Nov-2020",1.61,NaN,"-","-"
"06-Nov-2020",21.36,NaN,"-","-"
"07-Nov-2020",0.3,NaN,"-","-"
"08-Nov-2020",0.1,NaN,"-","-"
"09-Nov-2020",0,NaN,"-","-"
"10-Nov-2020",0,NaN,"-","-"
"11-Nov-2020",0,NaN,"-","-"
"12-Nov-2020",0,NaN,"-","-"
"13-Nov-2020",0.11,NaN,"-","-"
"14-Nov-2020",7.15,NaN,"-","-"
"15-Nov-2020",0,NaN,"-","-"
"16-Nov-2020",5.65,NaN,"-","-"
"17-Nov-2020",8.68,NaN,"-","-"
"18-Nov-2020",0.77,NaN,"-","-"
"19-Nov-2020",0,NaN,"-","-"
"20-Nov-2020",0,NaN,"-","-"
"21-Nov-2020",0,NaN,"-","-"
"22-Nov-2020",0,NaN,"-","-"
"23-Nov-2020",0,NaN,"-","-"
"24-Nov-2020",0,NaN,"-","-"
"25-Nov-2020",0,NaN,"-","-"
"26-Nov-2020",1.62,NaN,"-","-"
"27-Nov-2020",0.43,NaN,"-","-"
"28-Nov-2020",0,NaN,"-","-"
"29-Nov-2020",0.01,NaN,"-","-"
"30-Nov-2020",0.06,NaN,"-","-"
"01-Dec-2020",0,NaN,"-","-"
"02-Dec-2020",0,NaN,"-","-"
"03-Dec-2020",0,NaN,"-","-"
"04-Dec-2020",0.73,NaN,"-","-"
"05-Dec-2020",3.19,NaN,"-","-"
"06-Dec-2020",1.21,NaN,"-","-"
"07-Dec-2020",3.32,NaN,"-","-"
"08-Dec-2020",5.15,NaN,"-","-"
"09-Dec-2020",6.48,NaN,"-","-"
"10-Dec-2020",0.01,NaN,"-","-"
"11-Dec-2020",0,NaN,"-","-"
"12-Dec-2020",0,NaN,"-","-"
"13-Dec-2020",0,NaN,"-","-"
"14-Dec-2020",0,NaN,"-","-"
"15-Dec-2020",0,NaN,"-","-"
"16-Dec-2020",0,NaN,"-","-"
"17-Dec-2020",0,NaN,"-","-"
"18-Dec-2020",0,NaN,"-","-"
"19-Dec-2020",0,NaN,"-","-"
"20-Dec-2020",0,NaN,"-","-"
"21-Dec-2020",0,NaN,"-","-"
"22-Dec-2020",0,NaN,"-","-"
"23-Dec-2020",0,NaN,"-","-"
"24-Dec-2020",0,NaN,"-","-"
"25-Dec-2020",0,NaN,"-","-"
"26-Dec-2020",0,NaN,"-","-"
"27-Dec-2020",0,NaN,"-","-"
"28-Dec-2020",0,NaN,"-","-"
"29-Dec-2020",0,NaN,"-","-"
"30-Dec-2020",0,NaN,"-","-"
"31-Dec-2020",2.73,NaN,"-","-"
"01-Jan-2021",1.18,NaN,"-","-"
"02-Jan-2021",0,NaN,"-","-"
"03-Jan-2021",0.22,NaN,"-","-"
"04-Jan-2021",0.57,NaN,"-","-"
"05-Jan-2021",0.04,NaN,"-","-"
"06-Jan-2021",0,NaN,"-","-"
"07-Jan-2021",12.93,NaN,"-","-"
"08-Jan-2021",1.18,NaN,"-","-"
"09-Jan-2021",3.91,NaN,"-","-"
"10-Jan-2021",0,NaN,"-","-"
"11-Jan-2021",0,NaN,"-","-"
"12-Jan-2021",0,NaN,"-","-"
"13-Jan-2021",0,NaN,"-","-"
"14-Jan-2021",0,NaN,"-","-"
"15-Jan-2021",0.05,NaN,"-","-"
"16-Jan-2021",0,NaN,"-","-"
"17-Jan-2021",0,NaN,"-","-"
"18-Jan-2021",0,NaN,"-","-"
"19-Jan-2021",0,NaN,"-","-"
"20-Jan-2021",0,NaN,"-","-"
"21-Jan-2021",0,NaN,"-","-"
"22-Jan-2021",0,NaN,"-","-"
"23-Jan-2021",0,NaN,"-","-"
"24-Jan-2021",0,NaN,"-","-"
"25-Jan-2021",0,NaN,"-","-"
"26-Jan-2021",0,NaN,"-","-"
"27-Jan-2021",0,NaN,"-","-"
"28-Jan-2021",0,NaN,"-","-"
"29-Jan-2021",0,NaN,"-","-"
"30-Jan-2021",0,NaN,"-","-"
"31-Jan-2021",0,NaN,"-","-"
"01-Feb-2021",0,NaN,"-","-"
"02-Feb-2021",0,NaN,"-","-"
"03-Feb-2021",0,NaN,"-","-"
"04-Feb-2021",0,NaN,"-","-"
"05-Feb-2021",0,NaN,"-","-"
"06-Feb-2021",0,NaN,"-","-"
"07-Feb-2021",0,NaN,"-","-"
"08-Feb-2021",0,NaN,"-","-"
"09-Feb-2021",0,NaN,"-","-"
"10-Feb-2021",0,NaN,"-","-"
"11-Feb-2021",0,NaN,"-","-"
"12-Feb-2021",0,NaN,"-","-"
"13-Feb-2021",0,NaN,"-","-"
"14-Feb-2021",0,NaN,"-","-"
"15-Feb-2021",0,NaN,"-","-"
"16-Feb-2021",0,NaN,"-","-"
"17-Feb-2021",0,NaN,"-","-"
"18-Feb-2021",0,NaN,"-","-"
"19-Feb-2021",3.28,NaN,"-","-"
"20-Feb-2021",7.51,NaN,"-","-"
"21-Feb-2021",4.43,NaN,"-","-"
"22-Feb-2021",0.52,NaN,"-","-"
"23-Feb-2021",5.26,NaN,"-","-"
"24-Feb-2021",0,NaN,"-","-"
"25-Feb-2021",0,NaN,"-","-"
"26-Feb-2021",0,NaN,"-","-"
"27-Feb-2021",0,NaN,"-","-"
"28-Feb-2021",0,NaN,"-","-"
"01-Mar-2021",0,NaN,"-","-"
"02-Mar-2021",0,NaN,"-","-"
"03-Mar-2021",0,NaN,"-","-"
"04-Mar-2021",0,NaN,"-","-"
"05-Mar-2021",0,NaN,"-","-"
"06-Mar-2021",0,NaN,"-","-"
"07-Mar-2021",0,NaN,"-","-"
"08-Mar-2021",0,NaN,"-","-"
"09-Mar-2021",0,NaN,"-","-"
"10-Mar-2021",0,NaN,"-","-"
"11-Mar-2021",0,NaN,"-","-"
"12-Mar-2021",0,NaN,"-","-"
"13-Mar-2021",0,NaN,"-","-"
"14-Mar-2021",0,NaN,"-","-"
"15-Mar-2021",0,NaN,"-","-"
"16-Mar-2021",0,NaN,"-","-"
"17-Mar-2021",0,NaN,"-","-"
"18-Mar-2021",0,NaN,"-","-"
"19-Mar-2021",0,NaN,"-","-"
"20-Mar-2021",0,NaN,"-","-"
"21-Mar-2021",0,NaN,"-","-"
"22-Mar-2021",0,NaN,"-","-"
"23-Mar-2021",0,NaN,"-","-"
"24-Mar-2021",0,NaN,"-","-"
"25-Mar-2021",0,NaN,"-","-"
"26-Mar-2021",0,NaN,"-","-"
"27-Mar-2021",0,NaN,"-","-"
"28-Mar-2021",0,NaN,"-","-"
"29-Mar-2021",0.06,NaN,"-","-"
"30-Mar-2021",0,NaN,"-","-"
"31-Mar-2021",0,NaN,"-","-"
"01-Apr-2021",0,NaN,"-","-"
"02-Apr-2021",0,NaN,"-","-"
"03-Apr-2021",0,NaN,"-","-"
"04-Apr-2021",0,NaN,"-","-"
"05-Apr-2021",0.05,NaN,"-","-"
"06-Apr-2021",0.17,NaN,"-","-"
"07-Apr-2021",0,NaN,"-","-"
"08-Apr-2021",0,NaN,"-","-"
"09-Apr-2021",0,NaN,"-","-"
"10-Apr-2021",0,NaN,"-","-"
"11-Apr-2021",0,NaN,"-","-"
"12-Apr-2021",0,NaN,"-","-"
"13-Apr-2021",0.36,NaN,"-","-"
"14-Apr-2021",0,NaN,"-","-"
"15-Apr-2021",24.89,NaN,"-","-"
"16-Apr-2021",1.37,NaN,"-","-"
"17-Apr-2021",9.69,NaN,"-","-"
"18-Apr-2021",0.53,NaN,"-","-"
"19-Apr-2021",1.13,NaN,"-","-"
"20-Apr-2021",3.11,NaN,"-","-"
"21-Apr-2021",0.58,NaN,"-","-"
"22-Apr-2021",11.67,NaN,"-","-"
"23-Apr-2021",9.71,NaN,"-","-"
"24-Apr-2021",14.61,NaN,"-","-"
"25-Apr-2021",4.81,NaN,"-","-"
"26-Apr-2021",0,NaN,"-","-"
"28-Apr-2021",0,NaN,"-","-"
"29-Apr-2021",0.04,NaN,"-","-"
"30-Apr-2021",7.25,NaN,"-","-"
"01-May-2021",10.3,NaN,"-","-"
"02-May-2021",0,NaN,"-","-"
"03-May-2021",0.02,NaN,"-","-"
"04-May-2021",0.62,NaN,"-","-"
"05-May-2021",0.21,NaN,"-","-"
"06-May-2021",1.13,NaN,"-","-"
"07-May-2021",3.82,NaN,"-","-"
"08-May-2021",4.43,NaN,"-","-"
"09-May-2021",0.06,NaN,"-","-"
"11-May-2021",2.39,NaN,"-","-"
"12-May-2021",1.49,NaN,"-","-"
"13-May-2021",8.65,NaN,"-","-"
"14-May-2021",5.24,NaN,"-","-"
"15-May-2021",0.52,NaN,"-","-"
"16-May-2021",13.23,NaN,"-","-"
